Current,,,,,,,,,
,,,,,,,,,
基金名稱,年月,標的碼,標的名稱,投資股數(千股),投資比率％,投資金額(千元),持股數/流通在外股數%,個股月報酬率％,ISIN
0002 第一金福元,2025/11,-,-,-,-,-,-,-,-
0003 匯豐成長,2025/11,-,-,-,-,-,-,-,-
0006 荷銀鴻福,2025/11,-,-,-,-,-,-,-,-
0009 建弘廣福,2025/11,-,-,-,-,-,-,-,-
0011 景順和信,2025/11,-,-,-,-,-,-,-,-
0012 元大多元基金,2025/11,-,-,-,-,-,-,-,-
0016 保誠先鋒,2025/11,-,-,-,-,-,-,-,-
0019 萬國鑽石,2025/11,-,-,-,-,-,-,-,-
0020 保德信元富基金,2025/11,-,-,-,-,-,-,-,-
0024 保誠元滿,2025/11,-,-,-,-,-,-,-,-
0026 聯博概念,2025/11,-,-,-,-,-,-,-,-
0027 元大中國,2025/11,-,-,-,-,-,-,-,-
0030 富鼎基金,2025/11,-,-,-,-,-,-,-,-
0050 元大台灣50,2025/11,-,-,-,-,-,-,-,-
0051 元大中型100,2025/11,-,-,-,-,-,-,-,-
0052 富邦科技,2025/11,2317,鴻海,"10,683",5.43,"2,408,951",0.08,-12.4272,TW0002317005
0052 富邦科技,2025/11,2330,台積電,"21,347",69.29,"30,739,632",0.08,-3.9998,TW0002330008
0052 富邦科技,2025/11,2382,廣達,"2,313",1.47,"652,147",0.06,-6.1564,TW0002382009
0052 富邦科技,2025/11,2454,聯發科,"1,288",4.05,"1,796,731",0.08,6.4885,TW0002454006
0052 富邦科技,2025/11,3711,日月光投控,"2,880",1.49,"661,020",0.06,-7.2725,TW0003711008
0052 富邦科技,2025/11,M2300,電子工業,-,81.73,"36,258,481",-,-3.1657,
0052 富邦科技,2025/11,MTSE,國內上市,-,81.73,"36,258,481",-,-2.1495,
0052 富邦科技,2025/11,TT99,基金總規模,-,-,"44,363,736",-,-,
0053 元大電子,2025/11,-,-,-,-,-,-,-,-
0054 元大台商50,2025/11,-,-,-,-,-,-,-,-
0055 元大MSCI金融,2025/11,-,-,-,-,-,-,-,-
0056 元大高股息,2025/11,-,-,-,-,-,-,-,-
0057 富邦摩台,2025/11,2308,台達電,9,2.88,"7,994",0,-6.3316,TW0002308004
0057 富邦摩台,2025/11,2317,鴻海,55,4.5,"12,490",0,-12.4272,TW0002317005
0057 富邦摩台,2025/11,2330,台積電,109,56.5,"156,819",0,-3.9998,TW0002330008
0057 富邦摩台,2025/11,2454,聯發科,7,3.37,"9,354",0,6.4885,TW0002454006
0057 富邦摩台,2025/11,2881,富邦金,37,1.24,"3,442",0,1.5352,TW0002881000
0057 富邦摩台,2025/11,M2300,電子工業,-,67.25,"186,656",-,-3.1657,
0057 富邦摩台,2025/11,M2800,金融業(合計),-,1.24,"3,442",-,1.1873,
0057 富邦摩台,2025/11,MTSE,國內上市,-,68.49,"190,098",-,-2.1495,
0057 富邦摩台,2025/11,TT99,基金總規模,-,-,"277,555",-,-,
0058 富邦發達,2025/11,-,-,-,-,-,-,-,-
0059 富邦金融,2025/11,-,-,-,-,-,-,-,-
0060 新台灣,2025/11,-,-,-,-,-,-,-,-
0061 元大寶滬深,2025/11,-,-,-,-,-,-,-,-
006201 元大富櫃50,2025/11,-,-,-,-,-,-,-,-
006203 元大MSCI台灣,2025/11,-,-,-,-,-,-,-,-
006204 永豐臺灣加權,2025/11,1303,南亞,110,3.09,"6,490",0,42.1689,TW0001303006
006204 永豐臺灣加權,2025/11,2308,台達電,8,3.34,"7,015",0,-6.3316,TW0002308004
006204 永豐臺灣加權,2025/11,2317,鴻海,36,3.88,"8,150",0,-12.4272,TW0002317005
006204 永豐臺灣加權,2025/11,2330,台積電,57,39.39,"82,735",0,-3.9998,TW0002330008
006204 永豐臺灣加權,2025/11,2454,聯發科,5,3.08,"6,469",0,6.4885,TW0002454006
006204 永豐臺灣加權,2025/11,M1300,塑膠工業,-,3.09,"6,490",-,21.9618,
006204 永豐臺灣加權,2025/11,M2300,電子工業,-,49.69,"104,370",-,-3.1657,
006204 永豐臺灣加權,2025/11,MTSE,國內上市,-,52.78,"110,860",-,-2.1495,
006204 永豐臺灣加權,2025/11,TT99,基金總規模,-,-,"210,042",-,-,
006205 富邦上証,2025/11,-,-,-,-,-,-,-,-
006206 元大上證50,2025/11,-,-,-,-,-,-,-,-
006207 復華滬深,2025/11,-,-,-,-,-,-,-,-
006208 富邦台50,2025/11,2308,台達電,"9,177",3.15,"8,552,731",0.35,-6.3316,TW0002308004
006208 富邦台50,2025/11,2317,鴻海,"58,036",4.82,"13,087,035",0.41,-12.4272,TW0002317005
006208 富邦台50,2025/11,2330,台積電,"116,299",61.68,"167,470,611",0.45,-3.9998,TW0002330008
006208 富邦台50,2025/11,2454,聯發科,"6,987",3.59,"9,747,398",0.44,6.4885,TW0002454006
006208 富邦台50,2025/11,2881,富邦金,"39,584",1.35,"3,665,456",0.28,1.5352,TW0002881000
006208 富邦台50,2025/11,M2300,電子工業,-,73.24,"198,857,775",-,-3.1657,
006208 富邦台50,2025/11,M2800,金融業(合計),-,1.35,"3,665,456",-,1.1873,
006208 富邦台50,2025/11,MTSE,國內上市,-,74.59,"202,523,231",-,-2.1495,
006208 富邦台50,2025/11,TT99,基金總規模,-,-,"271,515,258",-,-,
00631L 元大台灣50正2,2025/11,-,-,-,-,-,-,-,-
00633L 富邦上証正2,2025/11,-,-,-,-,-,-,-,-
00634R 富邦上証反1,2025/11,-,-,-,-,-,-,-,-
00636 國泰中國A50,2025/11,-,-,-,-,-,-,-,-
00637L 元大滬深300正2,2025/11,-,-,-,-,-,-,-,-
00639 富邦深100,2025/11,-,-,-,-,-,-,-,-
00640L 富邦日本正2,2025/11,-,-,-,-,-,-,-,-
00643 群益深証中小,2025/11,-,-,-,-,-,-,-,-
00645 富邦日本,2025/11,-,-,-,-,-,-,-,-
00646 元大S&P500,2025/11,-,-,-,-,-,-,-,-
00649 FH香港,2025/11,-,-,-,-,-,-,-,-
00652 富邦印度,2025/11,-,-,-,-,-,-,-,-
00653L 富邦印度正2,2025/11,-,-,-,-,-,-,-,-
00654R 富邦印度反1,2025/11,-,-,-,-,-,-,-,-
00655L 國泰中國A50正2,2025/11,-,-,-,-,-,-,-,-
00656R 國泰中國A50反1,2025/11,-,-,-,-,-,-,-,-
00657 國泰日經225,2025/11,-,-,-,-,-,-,-,-
00658L 國泰日本正2,2025/11,-,-,-,-,-,-,-,-
00660 元大歐洲50,2025/11,-,-,-,-,-,-,-,-
00661 元大日經225,2025/11,-,-,-,-,-,-,-,-
00662 富邦NASDAQ,2025/11,-,-,-,-,-,-,-,-
00665L 富邦恆生國企正2,2025/11,-,-,-,-,-,-,-,-
00667 元大韓國,2025/11,-,-,-,-,-,-,-,-
00668 國泰美國道瓊,2025/11,-,-,-,-,-,-,-,-
00669R 國泰美國道瓊反1,2025/11,-,-,-,-,-,-,-,-
00670L 富邦NASDAQ正2,2025/11,-,-,-,-,-,-,-,-
00671R 富邦NASDAQ反1,2025/11,-,-,-,-,-,-,-,-
00675L 富邦臺灣加權正2,2025/11,-,-,-,-,-,-,-,-
00676R 富邦臺灣加權反1,2025/11,-,-,-,-,-,-,-,-
00678 群益那斯達克生技,2025/11,-,-,-,-,-,-,-,-
00686R 群益臺灣加權反1,2025/11,-,-,-,-,-,-,-,-
00690 兆豐臺灣藍籌30,2025/11,2308,台達電,336,9.41,"313,472",0.01,-6.3316,TW0002308004
00690 兆豐臺灣藍籌30,2025/11,2330,台積電,779,33.66,"1,121,304",0,-3.9998,TW0002330008
00690 兆豐臺灣藍籌30,2025/11,2345,智邦,106,3.27,"108,932",0.02,-5.0926,TW0002345006
00690 兆豐臺灣藍籌30,2025/11,2454,聯發科,241,10.08,"335,792",0.02,6.4885,TW0002454006
00690 兆豐臺灣藍籌30,2025/11,2881,富邦金,"1,612",4.48,"149,241",0.01,1.5352,TW0002881000
00690 兆豐臺灣藍籌30,2025/11,M2300,電子工業,-,56.42,"1,879,501",-,-3.1657,
00690 兆豐臺灣藍籌30,2025/11,M2800,金融業(合計),-,4.48,"149,241",-,1.1873,
00690 兆豐臺灣藍籌30,2025/11,MTSE,國內上市,-,60.9,"2,028,741",-,-2.1495,
00690 兆豐臺灣藍籌30,2025/11,TT99,基金總規模,-,-,"3,331,267",-,-,
00692 富邦公司治理,2025/11,2308,台達電,"1,440",3.66,"1,342,519",0.06,-6.3316,TW0002308004
00692 富邦公司治理,2025/11,2317,鴻海,"7,710",4.74,"1,738,672",0.06,-12.4272,TW0002317005
00692 富邦公司治理,2025/11,2330,台積電,"14,356",56.36,"20,673,323",0.06,-3.9998,TW0002330008
00692 富邦公司治理,2025/11,2454,聯發科,883,3.36,"1,232,476",0.06,6.4885,TW0002454006
00692 富邦公司治理,2025/11,2881,富邦金,"7,724",1.95,"715,276",0.06,1.5352,TW0002881000
00692 富邦公司治理,2025/11,M2300,電子工業,-,68.12,"24,986,991",-,-3.1657,
00692 富邦公司治理,2025/11,M2800,金融業(合計),-,1.95,"715,276",-,1.1873,
00692 富邦公司治理,2025/11,MTSE,國內上市,-,70.07,"25,702,267",-,-2.1495,
00692 富邦公司治理,2025/11,TT99,基金總規模,-,-,"36,680,844",-,-,
00700 富邦恆生國企,2025/11,-,-,-,-,-,-,-,-
00701 國泰股利精選30,2025/11,2303,聯電,"8,240",6.09,"377,402",0.07,-1.293,TW0002303005
00701 國泰股利精選30,2025/11,2412,中華電,"3,557",7.49,"464,161",0.05,-0.3817,TW0002412004
00701 國泰股利精選30,2025/11,2881,富邦金,"7,114",10.63,"658,749",0.05,1.5352,TW0002881000
00701 國泰股利精選30,2025/11,2882,國泰金,"6,825",7.07,"438,133",0.05,0.3123,TW0002882008
00701 國泰股利精選30,2025/11,2891,中信金,"12,480",8.75,"542,244",0.06,3.8231,TW0002891009
00701 國泰股利精選30,2025/11,M2300,電子工業,-,13.58,"841,563",-,-3.1657,
00701 國泰股利精選30,2025/11,M2800,金融業(合計),-,26.45,"1,639,126",-,1.1873,
00701 國泰股利精選30,2025/11,MTSE,國內上市,-,40.03,"2,480,689",-,-2.1495,
00701 國泰股利精選30,2025/11,TT99,基金總規模,-,-,"6,197,076",-,-,
00702 國泰標普低波高息,2025/11,-,-,-,-,-,-,-,-
00703 台新MSCI中國,2025/11,-,-,-,-,-,-,-,-
00709 富邦歐洲,2025/11,-,-,-,-,-,-,-,-
00712 復華富時不動產,2025/11,-,-,-,-,-,-,-,-
00713 元大台灣高息低波,2025/11,-,-,-,-,-,-,-,-
00714 群益道瓊美國地產,2025/11,-,-,-,-,-,-,-,-
00717 富邦美國特別股,2025/11,-,-,-,-,-,-,-,-
00728 第一金工業30,2025/11,-,-,-,-,-,-,-,-
00730 富邦臺灣優質高息,2025/11,2385,群光,"1,136",7.79,"136,273",0.15,-7.6924,TW0002385002
00730 富邦臺灣優質高息,2025/11,2404,漢唐,219,10.02,"175,283",0.11,-7.0766,TW0002404001
00730 富邦臺灣優質高息,2025/11,3034,聯詠,438,9.75,"170,560",0.07,-0.8907,TW0003034005
00730 富邦臺灣優質高息,2025/11,5536,聖暉*,194,7.72,"135,049",0.16,-9.6104,TW0005536007
00730 富邦臺灣優質高息,2025/11,6139,亞翔,287,7.47,"130,675",0.12,-4.8065,TW0006139009
00730 富邦臺灣優質高息,2025/11,M2300,電子工業,-,42.75,"747,841",-,-3.1657,
00730 富邦臺灣優質高息,2025/11,MOTC,國內上櫃,-,7.72,"135,049",-,-0.768,
00730 富邦臺灣優質高息,2025/11,MTSE,國內上市,-,35.03,"612,792",-,-2.1495,
00730 富邦臺灣優質高息,2025/11,TT99,基金總規模,-,-,"1,749,336",-,-,
00731 復華富時高息低波,2025/11,2303,聯電,"4,687",7.81,"214,672",0.04,-1.293,TW0002303005
00731 復華富時高息低波,2025/11,2412,中華電,"1,533",7.28,"200,104",0.02,-0.3817,TW0002412004
00731 復華富時高息低波,2025/11,2884,玉山金,"6,177",6.82,"187,460",0.04,2.0168,TW0002884004
00731 復華富時高息低波,2025/11,2886,兆豐金,"4,750",6.93,"190,484",0.03,-0.7425,TW0002886009
00731 復華富時高息低波,2025/11,2891,中信金,"6,174",9.76,"268,271",0.03,3.8231,TW0002891009
00731 復華富時高息低波,2025/11,M2300,電子工業,-,15.09,"414,776",-,-3.1657,
00731 復華富時高息低波,2025/11,M2800,金融業(合計),-,23.51,"646,215",-,1.1873,
00731 復華富時高息低波,2025/11,MTSE,國內上市,-,38.6,"1,060,992",-,-2.1495,
00731 復華富時高息低波,2025/11,TT99,基金總規模,-,-,"2,748,683",-,-,
00733 富邦臺灣中小,2025/11,1504,東元,"4,526",5.89,"396,961",0.19,-24.7211,TW0001504009
00733 富邦臺灣中小,2025/11,2324,仁寶,"13,778",6,"404,375",0.31,-11.1952,TW0002324001
00733 富邦臺灣中小,2025/11,2356,英業達,"10,248",6.63,"446,834",0.29,-5.0109,TW0002356003
00733 富邦臺灣中小,2025/11,2376,技嘉,"1,780",6.43,"433,355",0.27,-13.1907,TW0002376001
00733 富邦臺灣中小,2025/11,6446,藥華藥,930,7.12,"479,858",0.24,3.6145,TW0006446008
00733 富邦臺灣中小,2025/11,M1500,電機機械,-,5.89,"396,961",-,-8.8799,
00733 富邦臺灣中小,2025/11,M1700,化學生技醫療,-,7.12,"479,858",-,-1.6872,
00733 富邦臺灣中小,2025/11,M2300,電子工業,-,19.06,"1,284,563",-,-3.1657,
00733 富邦臺灣中小,2025/11,MTSE,國內上市,-,32.07,"2,161,382",-,-2.1495,
00733 富邦臺灣中小,2025/11,TT99,基金總規模,-,-,"6,739,575",-,-,
00735 國泰臺韓科技,2025/11,-,-,-,-,-,-,-,-
00736 國泰新興市場,2025/11,-,-,-,-,-,-,-,-
00737 國泰AI機器人,2025/11,-,-,-,-,-,-,-,-
00739 元大MSCI A股,2025/11,-,-,-,-,-,-,-,-
00742 新光內需收益,2025/11,-,-,-,-,-,-,-,-
00743 國泰中國A150,2025/11,-,-,-,-,-,-,-,-
00752 中信中國50,2025/11,-,-,-,-,-,-,-,-
00753L 中信中國50正2,2025/11,-,-,-,-,-,-,-,-
00757 統一FANG+,2025/11,-,-,-,-,-,-,-,-
00762 元大全球AI,2025/11,-,-,-,-,-,-,-,-
00767 FH美國金融股,2025/11,-,-,-,-,-,-,-,-
00770 國泰標普北美科技,2025/11,-,-,-,-,-,-,-,-
00771 元大US高息特別股,2025/11,-,-,-,-,-,-,-,-
00776 新光ICE美國權值,2025/11,-,-,-,-,-,-,-,-
00783 富邦中証500,2025/11,-,-,-,-,-,-,-,-
0080 恒生中國企業,2025/11,-,-,-,-,-,-,-,-
0081 恆指ＥＴＦ,2025/11,-,-,-,-,-,-,-,-
008201 標智上證50中國,2025/11,-,-,-,-,-,-,-,-
00830 國泰費城半導體,2025/11,-,-,-,-,-,-,-,-
00850 元大臺灣ESG永續,2025/11,-,-,-,-,-,-,-,-
00851 台新全球AI,2025/11,-,-,-,-,-,-,-,-
00858 永豐美國500大,2025/11,-,-,-,-,-,-,-,-
00861 元大全球未來通訊,2025/11,-,-,-,-,-,-,-,-
00866 新光Shiller CAPE,2025/11,-,-,-,-,-,-,-,-
00875 國泰網路資安 ETF,2025/11,-,-,-,-,-,-,-,-
00876 元大全球5G,2025/11,-,-,-,-,-,-,-,-
00877 復華中國5G,2025/11,-,-,-,-,-,-,-,-
00878 國泰永續高股息,2025/11,2303,聯電,"641,269",6.57,"29,370,112",5.11,-1.293,TW0002303005
00878 國泰永續高股息,2025/11,2454,聯發科,"16,407",5.12,"22,888,124",1.02,6.4885,TW0002454006
00878 國泰永續高股息,2025/11,2881,富邦金,"430,137",8.91,"39,830,700",3.07,1.5352,TW0002881000
00878 國泰永續高股息,2025/11,2882,國泰金,"627,379",9.01,"40,277,734",4.28,0.3123,TW0002882008
00878 國泰永續高股息,2025/11,2891,中信金,"857,029",8.33,"37,237,905",4.36,3.8231,TW0002891009
00878 國泰永續高股息,2025/11,M2300,電子工業,-,11.69,"52,258,236",-,-3.1657,
00878 國泰永續高股息,2025/11,M2800,金融業(合計),-,26.25,"117,346,339",-,1.1873,
00878 國泰永續高股息,2025/11,MTSE,國內上市,-,37.94,"169,604,575",-,-2.1495,
00878 國泰永續高股息,2025/11,TT99,基金總規模,-,-,"447,033,673",-,-,
00881 國泰台灣科技龍頭,2025/11,2308,台達電,"4,547",5.96,"4,238,121",0.18,-6.3316,TW0002308004
00881 國泰台灣科技龍頭,2025/11,2317,鴻海,"26,110",8.28,"5,887,859",0.19,-12.4272,TW0002317005
00881 國泰台灣科技龍頭,2025/11,2330,台積電,"20,158",40.82,"29,026,861",0.08,-3.9998,TW0002330008
00881 國泰台灣科技龍頭,2025/11,2383,台光電,"1,268",2.72,"1,934,176",0.35,12.1324,TW0002383007
00881 國泰台灣科技龍頭,2025/11,2454,聯發科,"3,257",6.39,"4,543,891",0.2,6.4885,TW0002454006
00881 國泰台灣科技龍頭,2025/11,M2300,電子工業,-,64.17,"45,630,908",-,-3.1657,
00881 國泰台灣科技龍頭,2025/11,MTSE,國內上市,-,64.17,"45,630,908",-,-2.1495,
00881 國泰台灣科技龍頭,2025/11,TT99,基金總規模,-,-,"71,109,410",-,-,
00882 中信中國高股息,2025/11,-,-,-,-,-,-,-,-
00885 富邦越南,2025/11,-,-,-,-,-,-,-,-
00886 永豐美國科技,2025/11,-,-,-,-,-,-,-,-
00887 永豐中國科技50大,2025/11,-,-,-,-,-,-,-,-
00888 永豐台灣ESG,2025/11,2303,聯電,"15,688",12.33,"718,505",0.13,-1.293,TW0002303005
00888 永豐台灣ESG,2025/11,2308,台達電,574,9.18,"534,945",0.02,-6.3316,TW0002308004
00888 永豐台灣ESG,2025/11,2330,台積電,"1,284",31.73,"1,848,999",0.01,-3.9998,TW0002330008
00888 永豐台灣ESG,2025/11,3711,日月光投控,"1,490",5.87,"342,062",0.03,-7.2725,TW0003711008
00888 永豐台灣ESG,2025/11,6669,緯穎,62,4.87,"283,789",0.03,4.6964,TW0006669005
00888 永豐台灣ESG,2025/11,M2300,電子工業,-,63.98,"3,728,300",-,-3.1657,
00888 永豐台灣ESG,2025/11,MTSE,國內上市,-,63.98,"3,728,300",-,-2.1495,
00888 永豐台灣ESG,2025/11,TT99,基金總規模,-,-,"5,827,290",-,-,
00891 中信關鍵半導體,2025/11,-,-,-,-,-,-,-,-
00892 富邦台灣半導體,2025/11,2330,台積電,890,23.32,"1,281,487",0,-3.9998,TW0002330008
00892 富邦台灣半導體,2025/11,3443,創意,207,8.51,"467,644",0.15,47.7125,TW0003443008
00892 富邦台灣半導體,2025/11,3711,日月光投控,"1,576",6.58,"361,586",0.04,-7.2725,TW0003711008
00892 富邦台灣半導體,2025/11,5274,信驊,56,7.43,"408,295",0.15,33.7292,TW0005274005
00892 富邦台灣半導體,2025/11,6223,旺矽,168,6.94,"381,369",0.17,8.0953,TW0006223001
00892 富邦台灣半導體,2025/11,M2300,電子工業,-,52.78,"2,900,381",-,-3.1657,
00892 富邦台灣半導體,2025/11,MOTC,國內上櫃,-,14.37,"789,664",-,-0.768,
00892 富邦台灣半導體,2025/11,MTSE,國內上市,-,38.41,"2,110,717",-,-2.1495,
00892 富邦台灣半導體,2025/11,TT99,基金總規模,-,-,"5,495,228",-,-,
00893 國泰智能電動車,2025/11,-,-,-,-,-,-,-,-
00894 中信小資高價30,2025/11,-,-,-,-,-,-,-,-
00895 富邦未來車,2025/11,-,-,-,-,-,-,-,-
00896 中信綠能及電動車,2025/11,-,-,-,-,-,-,-,-
00897 富邦基因免疫生技,2025/11,-,-,-,-,-,-,-,-
00898 國泰基因免疫革命,2025/11,-,-,-,-,-,-,-,-
00899 FT潔淨能源,2025/11,-,-,-,-,-,-,-,-
00900 富邦特選高股息30,2025/11,2454,聯發科,"1,408",5.2,"1,964,400",0.09,6.4885,TW0002454006
00900 富邦特選高股息30,2025/11,2880,華南金,"65,292",5.09,"1,922,846",0.47,0.8563,TW0002880002
00900 富邦特選高股息30,2025/11,2887,台新新光金,"111,761",5.34,"2,017,288",0.45,-3.476,TW0002887007
00900 富邦特選高股息30,2025/11,2890,永豐金,"69,106",4.93,"1,862,403",0.48,5.0682,TW0002890001
00900 富邦特選高股息30,2025/11,8299,群聯,"2,273",6.74,"2,546,165",1.07,5.1642,TW0008299009
00900 富邦特選高股息30,2025/11,M2300,電子工業,-,11.94,"4,510,565",-,-3.1657,
00900 富邦特選高股息30,2025/11,M2800,金融業(合計),-,15.36,"5,802,536",-,1.1873,
00900 富邦特選高股息30,2025/11,MOTC,國內上櫃,-,6.74,"2,546,165",-,-0.768,
00900 富邦特選高股息30,2025/11,MTSE,國內上市,-,20.56,"7,766,937",-,-2.1495,
00900 富邦特選高股息30,2025/11,TT99,基金總規模,-,-,"37,776,930",-,-,
00901 永豐智能車供應鏈,2025/11,2308,台達電,209,9.07,"195,051",0.01,-6.3316,TW0002308004
00901 永豐智能車供應鏈,2025/11,2317,鴻海,979,10.27,"220,857",0.01,-12.4272,TW0002317005
00901 永豐智能車供應鏈,2025/11,2330,台積電,474,31.73,"682,355",0,-3.9998,TW0002330008
00901 永豐智能車供應鏈,2025/11,2382,廣達,229,3,"64,515",0.01,-6.1564,TW0002382009
00901 永豐智能車供應鏈,2025/11,2454,聯發科,121,7.87,"169,245",0.01,6.4885,TW0002454006
00901 永豐智能車供應鏈,2025/11,M2300,電子工業,-,61.94,"1,332,022",-,-3.1657,
00901 永豐智能車供應鏈,2025/11,MTSE,國內上市,-,61.94,"1,332,022",-,-2.1495,
00901 永豐智能車供應鏈,2025/11,TT99,基金總規模,-,-,"2,150,503",-,-,
00902 中信電池及儲能,2025/11,-,-,-,-,-,-,-,-
00903 富邦元宇宙,2025/11,-,-,-,-,-,-,-,-
00904 新光臺灣半導體30,2025/11,2303,聯電,"2,532",3.79,"115,974",0.02,-1.293,TW0002303005
00904 新光臺灣半導體30,2025/11,2330,台積電,623,29.32,"897,189",0,-3.9998,TW0002330008
00904 新光臺灣半導體30,2025/11,2449,京元電子,424,3.17,"97,002",0.03,5.5299,TW0002449006
00904 新光臺灣半導體30,2025/11,2454,聯發科,326,14.86,"454,715",0.02,6.4885,TW0002454006
00904 新光臺灣半導體30,2025/11,3711,日月光投控,709,5.32,"162,792",0.02,-7.2725,TW0003711008
00904 新光臺灣半導體30,2025/11,M2300,電子工業,-,56.46,"1,727,671",-,-3.1657,
00904 新光臺灣半導體30,2025/11,MTSE,國內上市,-,56.46,"1,727,671",-,-2.1495,
00904 新光臺灣半導體30,2025/11,TT99,基金總規模,-,-,"3,059,991",-,-,
00905 FT臺灣Smart,2025/11,2308,台達電,328,4.76,"305,733",0.01,-6.3316,TW0002308004
00905 FT臺灣Smart,2025/11,2317,鴻海,"1,558",5.47,"351,336",0.01,-12.4272,TW0002317005
00905 FT臺灣Smart,2025/11,2330,台積電,"1,378",30.89,"1,984,055",0.01,-3.9998,TW0002330008
00905 FT臺灣Smart,2025/11,2454,聯發科,207,4.5,"289,034",0.01,6.4885,TW0002454006
00905 FT臺灣Smart,2025/11,2881,富邦金,"2,365",3.41,"219,023",0.02,1.5352,TW0002881000
00905 FT臺灣Smart,2025/11,M2300,電子工業,-,45.62,"2,930,158",-,-3.1657,
00905 FT臺灣Smart,2025/11,M2800,金融業(合計),-,3.41,"219,023",-,1.1873,
00905 FT臺灣Smart,2025/11,MTSE,國內上市,-,49.03,"3,149,181",-,-2.1495,
00905 FT臺灣Smart,2025/11,TT99,基金總規模,-,-,"6,422,967",-,-,
00906 大華元宇宙科技50,2025/11,-,-,-,-,-,-,-,-
00907 永豐優息存股,2025/11,1477,聚陽,549,5.58,"173,781",0.22,17.658,TW0001477008
00907 永豐優息存股,2025/11,1504,東元,"1,935",5.45,"169,732",0.08,-24.7211,TW0001504009
00907 永豐優息存股,2025/11,2603,長榮,"1,310",7.55,"235,134",0.06,-7.2353,TW0002603008
00907 永豐優息存股,2025/11,2609,陽明,"2,893",4.83,"150,423",0.08,-9.5652,TW0002609005
00907 永豐優息存股,2025/11,2881,富邦金,"1,682",5,"155,718",0.01,1.5352,TW0002881000
00907 永豐優息存股,2025/11,M1400,紡織纖維,-,5.58,"173,781",-,7.7749,
00907 永豐優息存股,2025/11,M1500,電機機械,-,5.45,"169,732",-,-8.8799,
00907 永豐優息存股,2025/11,M2600,航運業,-,12.38,"385,557",-,-3.437,
00907 永豐優息存股,2025/11,M2800,金融業(合計),-,5,"155,718",-,1.1873,
00907 永豐優息存股,2025/11,MTSE,國內上市,-,28.41,"884,787",-,-2.1495,
00907 永豐優息存股,2025/11,TT99,基金總規模,-,-,"3,114,351",-,-,
00908 富邦入息REITs+,2025/11,-,-,-,-,-,-,-,-
00909 國泰數位支付服務,2025/11,-,-,-,-,-,-,-,-
00910 第一金太空衛星,2025/11,-,-,-,-,-,-,-,-
00911 兆豐洲際半導體,2025/11,-,-,-,-,-,-,-,-
00912 中信臺灣智慧 50,2025/11,-,-,-,-,-,-,-,-
00913 兆豐台灣晶圓製造,2025/11,2303,聯電,419,7.37,"19,184",0,-1.293,TW0002303005
00913 兆豐台灣晶圓製造,2025/11,2330,台積電,42,23.44,"61,014",0,-3.9998,TW0002330008
00913 兆豐台灣晶圓製造,2025/11,2454,聯發科,14,7.72,"20,095",0,6.4885,TW0002454006
00913 兆豐台灣晶圓製造,2025/11,3443,創意,5,4.02,"10,464",0,47.7125,TW0003443008
00913 兆豐台灣晶圓製造,2025/11,6488,環球晶,33,4.81,"12,520",0.01,-25.9842,TW0006488000
00913 兆豐台灣晶圓製造,2025/11,M2300,電子工業,-,47.36,"123,278",-,-3.1657,
00913 兆豐台灣晶圓製造,2025/11,MOTC,國內上櫃,-,4.81,"12,520",-,-0.768,
00913 兆豐台灣晶圓製造,2025/11,MTSE,國內上市,-,42.55,"110,758",-,-2.1495,
00913 兆豐台灣晶圓製造,2025/11,TT99,基金總規模,-,-,"260,300",-,-,
00915 凱基優選高股息30,2025/11,-,-,-,-,-,-,-,-
00916 國泰全球品牌50,2025/11,-,-,-,-,-,-,-,-
00917 中信特選金融,2025/11,-,-,-,-,-,-,-,-
00918 大華優利高填息30,2025/11,-,-,-,-,-,-,-,-
00919 群益台灣精選高息,2025/11,2303,聯電,"817,654",9.3,"37,448,574",6.51,-1.293,TW0002303005
00919 群益台灣精選高息,2025/11,2603,長榮,"142,674",6.36,"25,609,992",6.59,-7.2353,TW0002603008
00919 群益台灣精選高息,2025/11,2881,富邦金,"540,956",12.44,"50,092,501",3.86,1.5352,TW0002881000
00919 群益台灣精選高息,2025/11,2882,國泰金,"927,653",14.79,"59,555,312",6.32,0.3123,TW0002882008
00919 群益台灣精選高息,2025/11,2891,中信金,"1,265,014",13.65,"54,964,842",6.44,3.8231,TW0002891009
00919 群益台灣精選高息,2025/11,M2300,電子工業,-,9.3,"37,448,574",-,-3.1657,
00919 群益台灣精選高息,2025/11,M2600,航運業,-,6.36,"25,609,992",-,-3.437,
00919 群益台灣精選高息,2025/11,M2800,金融業(合計),-,40.88,"164,612,655",-,1.1873,
00919 群益台灣精選高息,2025/11,MTSE,國內上市,-,56.54,"227,671,221",-,-2.1495,
00919 群益台灣精選高息,2025/11,TT99,基金總規模,-,-,"402,672,835",-,-,
00920 富邦ESG綠色電力,2025/11,-,-,-,-,-,-,-,-
00921 兆豐龍頭等權重,2025/11,1303,南亞,"1,737",5.73,"102,469",0.02,42.1689,TW0001303006
00921 兆豐龍頭等權重,2025/11,1519,華城,111,4.36,"77,969",0.04,-2.0979,TW0001519007
00921 兆豐龍頭等權重,2025/11,2330,台積電,50,3.99,"71,352",0,-3.9998,TW0002330008
00921 兆豐龍頭等權重,2025/11,2383,台光電,59,5.07,"90,666",0.02,12.1324,TW0002383007
00921 兆豐龍頭等權重,2025/11,2404,漢唐,91,4.06,"72,604",0.05,-7.0766,TW0002404001
00921 兆豐龍頭等權重,2025/11,M1300,塑膠工業,-,5.73,"102,469",-,21.9618,
00921 兆豐龍頭等權重,2025/11,M1500,電機機械,-,4.36,"77,969",-,-8.8799,
00921 兆豐龍頭等權重,2025/11,M2300,電子工業,-,13.12,"234,623",-,-3.1657,
00921 兆豐龍頭等權重,2025/11,MTSE,國內上市,-,23.21,"415,061",-,-2.1495,
00921 兆豐龍頭等權重,2025/11,TT99,基金總規模,-,-,"1,788,283",-,-,
00922 國泰台灣領袖50,2025/11,2308,台達電,"1,796",4.13,"1,673,751",0.07,-6.3316,TW0002308004
00922 國泰台灣領袖50,2025/11,2317,鴻海,"10,010",5.57,"2,257,334",0.07,-12.4272,TW0002317005
00922 國泰台灣領袖50,2025/11,2330,台積電,"11,820",42,"17,021,193",0.05,-3.9998,TW0002330008
00922 國泰台灣領袖50,2025/11,2454,聯發科,"1,229",4.23,"1,714,277",0.08,6.4885,TW0002454006
00922 國泰台灣領袖50,2025/11,6669,緯穎,177,2,"810,533",0.1,4.6964,TW0006669005
00922 國泰台灣領袖50,2025/11,M2300,電子工業,-,57.93,"23,477,088",-,-3.1657,
00922 國泰台灣領袖50,2025/11,MTSE,國內上市,-,57.93,"23,477,088",-,-2.1495,
00922 國泰台灣領袖50,2025/11,TT99,基金總規模,-,-,"40,526,649",-,-,
00923 群益台ESG低碳50,2025/11,2308,台達電,"1,254",5.85,"1,168,430",0.05,-6.3316,TW0002308004
00923 群益台ESG低碳50,2025/11,2317,鴻海,"7,148",8.07,"1,611,834",0.05,-12.4272,TW0002317005
00923 群益台ESG低碳50,2025/11,2330,台積電,"5,708",41.15,"8,218,955",0.02,-3.9998,TW0002330008
00923 群益台ESG低碳50,2025/11,2382,廣達,"1,594",2.25,"449,396",0.04,-6.1564,TW0002382009
00923 群益台ESG低碳50,2025/11,2454,聯發科,891,6.22,"1,242,330",0.06,6.4885,TW0002454006
00923 群益台ESG低碳50,2025/11,M2300,電子工業,-,63.54,"12,690,945",-,-3.1657,
00923 群益台ESG低碳50,2025/11,MTSE,國內上市,-,63.54,"12,690,945",-,-2.1495,
00923 群益台ESG低碳50,2025/11,TT99,基金總規模,-,-,"19,973,158",-,-,
00924 復華S&P500成長,2025/11,-,-,-,-,-,-,-,-
00925 新光標普電動車,2025/11,-,-,-,-,-,-,-,-
00926 凱基全球菁英55,2025/11,-,-,-,-,-,-,-,-
00927 群益半導體收益,2025/11,2303,聯電,"13,224",5.9,"605,654",0.11,-1.293,TW0002303005
00927 群益半導體收益,2025/11,2330,台積電,"1,195",16.76,"1,720,467",0,-3.9998,TW0002330008
00927 群益半導體收益,2025/11,2454,聯發科,713,9.69,"994,709",0.04,6.4885,TW0002454006
00927 群益半導體收益,2025/11,3711,日月光投控,"3,377",7.55,"775,031",0.08,-7.2725,TW0003711008
00927 群益半導體收益,2025/11,8299,群聯,488,5.32,"546,115",0.23,5.1642,TW0008299009
00927 群益半導體收益,2025/11,M2300,電子工業,-,45.22,"4,641,976",-,-3.1657,
00927 群益半導體收益,2025/11,MOTC,國內上櫃,-,5.32,"546,115",-,-0.768,
00927 群益半導體收益,2025/11,MTSE,國內上市,-,39.9,"4,095,861",-,-2.1495,
00927 群益半導體收益,2025/11,TT99,基金總規模,-,-,"10,265,316",-,-,
00928 中信上櫃ESG 30,2025/11,-,-,-,-,-,-,-,-
00929 復華台灣科技優息,2025/11,2301,光寶科,"62,251",7.5,"9,897,857",2.69,-11.4207,TW0002301009
00929 復華台灣科技優息,2025/11,2303,聯電,"209,195",7.26,"9,581,125",1.67,-1.293,TW0002303005
00929 復華台灣科技優息,2025/11,2357,華碩,"12,363",5.63,"7,429,991",1.66,-13.7733,TW0002357001
00929 復華台灣科技優息,2025/11,3034,聯詠,"17,280",5.1,"6,730,543",2.84,-0.8907,TW0003034005
00929 復華台灣科技優息,2025/11,4938,和碩,"95,913",5.24,"6,915,303",3.58,-2.8303,TW0004938006
00929 復華台灣科技優息,2025/11,M2300,電子工業,-,30.73,"40,554,819",-,-3.1657,
00929 復華台灣科技優息,2025/11,MTSE,國內上市,-,30.73,"40,554,819",-,-2.1495,
00929 復華台灣科技優息,2025/11,TT99,基金總規模,-,-,"131,971,424",-,-,
00930 永豐ESG低碳高息,2025/11,1477,聚陽,978,6.35,"309,503",0.4,17.658,TW0001477008
00930 永豐ESG低碳高息,2025/11,2303,聯電,"6,673",6.27,"305,604",0.05,-1.293,TW0002303005
00930 永豐ESG低碳高息,2025/11,2317,鴻海,"1,208",5.59,"272,460",0.01,-12.4272,TW0002317005
00930 永豐ESG低碳高息,2025/11,2474,可成,"1,739",7.17,"349,471",0.28,1.2591,TW0002474004
00930 永豐ESG低碳高息,2025/11,2891,中信金,"6,416",5.72,"278,797",0.03,3.8231,TW0002891009
00930 永豐ESG低碳高息,2025/11,M1400,紡織纖維,-,6.35,"309,503",-,7.7749,
00930 永豐ESG低碳高息,2025/11,M2300,電子工業,-,19.03,"927,535",-,-3.1657,
00930 永豐ESG低碳高息,2025/11,M2800,金融業(合計),-,5.72,"278,797",-,1.1873,
00930 永豐ESG低碳高息,2025/11,MTSE,國內上市,-,31.1,"1,515,835",-,-2.1495,
00930 永豐ESG低碳高息,2025/11,TT99,基金總規模,-,-,"4,874,067",-,-,
00932 兆豐永續高息等權,2025/11,2327,國巨*,400,2.56,"94,078",0.02,-5.6227,TW0002327004
00932 兆豐永續高息等權,2025/11,2451,創見,584,2.91,"106,940",0.14,38.1133,TW0002451002
00932 兆豐永續高息等權,2025/11,3090,日電貿,938,2.27,"83,420",0.33,-1.4414,TW0003090007
00932 兆豐永續高息等權,2025/11,3264,欣銓,906,2.25,"82,685",0.18,-2.353,TW0003264008
00932 兆豐永續高息等權,2025/11,8112,至上,"1,562",2.95,"108,410",0.3,5.1513,TW0008112004
00932 兆豐永續高息等權,2025/11,M2300,電子工業,-,12.94,"475,533",-,-3.1657,
00932 兆豐永續高息等權,2025/11,MOTC,國內上櫃,-,2.25,"82,685",-,-0.768,
00932 兆豐永續高息等權,2025/11,MTSE,國內上市,-,10.69,"392,848",-,-2.1495,
00932 兆豐永續高息等權,2025/11,TT99,基金總規模,-,-,"3,674,908",-,-,
00934 中信成長高股息,2025/11,-,-,-,-,-,-,-,-
00935 野村創新科技50,2025/11,2308,台達電,"1,470",11.24,"1,369,784",0.06,-6.3316,TW0002308004
00935 野村創新科技50,2025/11,2330,台積電,"2,464",29.11,"3,547,546",0.01,-3.9998,TW0002330008
00935 野村創新科技50,2025/11,2345,智邦,384,3.23,"393,630",0.07,-5.0926,TW0002345006
00935 野村創新科技50,2025/11,2454,聯發科,"1,054",12.07,"1,470,934",0.07,6.4885,TW0002454006
00935 野村創新科技50,2025/11,3711,日月光投控,"2,289",4.31,"525,246",0.05,-7.2725,TW0003711008
00935 野村創新科技50,2025/11,M2300,電子工業,-,59.96,"7,307,141",-,-3.1657,
00935 野村創新科技50,2025/11,MTSE,國內上市,-,59.96,"7,307,141",-,-2.1495,
00935 野村創新科技50,2025/11,TT99,基金總規模,-,-,"12,186,692",-,-,
00936 台新永續高息中小,2025/11,1477,聚陽,"1,525",4.87,"482,594",0.62,17.658,TW0001477008
00936 台新永續高息中小,2025/11,2404,漢唐,672,5.43,"538,087",0.35,-7.0766,TW0002404001
00936 台新永續高息中小,2025/11,2449,京元電子,"3,639",8.41,"833,391",0.3,5.5299,TW0002449006
00936 台新永續高息中小,2025/11,3036,文曄,"3,465",5,"495,476",0.27,0.0002,TW0003036000
00936 台新永續高息中小,2025/11,8299,群聯,617,6.97,"690,694",0.29,5.1642,TW0008299009
00936 台新永續高息中小,2025/11,M1400,紡織纖維,-,4.87,"482,594",-,7.7749,
00936 台新永續高息中小,2025/11,M2300,電子工業,-,25.81,"2,557,649",-,-3.1657,
00936 台新永續高息中小,2025/11,MOTC,國內上櫃,-,6.97,"690,694",-,-0.768,
00936 台新永續高息中小,2025/11,MTSE,國內上市,-,23.71,"2,349,549",-,-2.1495,
00936 台新永續高息中小,2025/11,TT99,基金總規模,-,-,"9,909,529",-,-,
00938 凱基優選30,2025/11,-,-,-,-,-,-,-,-
00939 統一台灣高息動能,2025/11,2357,華碩,"2,696",5.36,"1,620,394",0.36,-13.7733,TW0002357001
00939 統一台灣高息動能,2025/11,2881,富邦金,"22,494",6.89,"2,082,932",0.16,1.5352,TW0002881000
00939 統一台灣高息動能,2025/11,2882,國泰金,"29,195",6.2,"1,874,336",0.2,0.3123,TW0002882008
00939 統一台灣高息動能,2025/11,2885,元大金,"45,137",5.39,"1,629,463",0.34,4.6377,TW0002885001
00939 統一台灣高息動能,2025/11,2891,中信金,"44,738",6.43,"1,943,868",0.23,3.8231,TW0002891009
00939 統一台灣高息動能,2025/11,M2300,電子工業,-,5.36,"1,620,394",-,-3.1657,
00939 統一台灣高息動能,2025/11,M2800,金融業(合計),-,24.91,"7,530,600",-,1.1873,
00939 統一台灣高息動能,2025/11,MTSE,國內上市,-,30.27,"9,150,994",-,-2.1495,
00939 統一台灣高息動能,2025/11,TT99,基金總規模,-,-,"30,231,232",-,-,
00940 元大台灣價值高息,2025/11,-,-,-,-,-,-,-,-
00941 中信上游半導體,2025/11,-,-,-,-,-,-,-,-
00943 兆豐電子高息等權,2025/11,3357,臺慶科,144,3.04,"23,172",0.13,6.9766,TW0003357000
00943 兆豐電子高息等權,2025/11,5371,中光電,251,3.06,"23,324",0.06,6.2784,TW0005371009
00943 兆豐電子高息等權,2025/11,6138,茂達,89,2.82,"21,495",0.12,0.6266,TW0006138001
00943 兆豐電子高息等權,2025/11,8046,南電,133,4.59,"34,986",0.02,-9.6385,TW0008046004
00943 兆豐電子高息等權,2025/11,8150,南茂,490,2.75,"20,961",0.07,31.5385,TW0008150004
00943 兆豐電子高息等權,2025/11,M2300,電子工業,-,16.26,"123,938",-,-3.1657,
00943 兆豐電子高息等權,2025/11,MOTC,國內上櫃,-,8.92,"67,991",-,-0.768,
00943 兆豐電子高息等權,2025/11,MTSE,國內上市,-,7.34,"55,948",-,-2.1495,
00943 兆豐電子高息等權,2025/11,TT99,基金總規模,-,-,"762,228",-,-,
00944 野村趨勢動能高息,2025/11,2891,中信金,"1,067",2.76,"46,366",0.01,3.8231,TW0002891009
00944 野村趨勢動能高息,2025/11,3036,文曄,312,2.66,"44,686",0.02,0.0002,TW0003036000
00944 野村趨勢動能高息,2025/11,6139,亞翔,111,3.02,"50,734",0.05,-4.8065,TW0006139009
00944 野村趨勢動能高息,2025/11,6274,台燿,101,2.65,"44,518",0.04,14.1375,TW0006274004
00944 野村趨勢動能高息,2025/11,6691,洋基工程,88,2.63,"44,182",0.07,9.3479,TW0006691009
00944 野村趨勢動能高息,2025/11,M2300,電子工業,-,10.96,"184,120",-,-3.1657,
00944 野村趨勢動能高息,2025/11,M2800,金融業(合計),-,2.76,"46,366",-,1.1873,
00944 野村趨勢動能高息,2025/11,MOTC,國內上櫃,-,2.65,"44,518",-,-0.768,
00944 野村趨勢動能高息,2025/11,MTSE,國內上市,-,11.07,"185,967",-,-2.1495,
00944 野村趨勢動能高息,2025/11,TT99,基金總規模,-,-,"1,679,923",-,-,
00946 群益科技高息成長,2025/11,2303,聯電,"10,878",7.18,"498,198",0.09,-1.293,TW0002303005
00946 群益科技高息成長,2025/11,2357,華碩,906,7.85,"544,687",0.12,-13.7733,TW0002357001
00946 群益科技高息成長,2025/11,2404,漢唐,925,10.68,"741,052",0.49,-7.0766,TW0002404001
00946 群益科技高息成長,2025/11,3211,順達,"1,587",6.06,"420,485",1.03,-13.6806,TW0003211009
00946 群益科技高息成長,2025/11,6139,亞翔,"1,529",10.04,"696,644",0.65,-4.8065,TW0006139009
00946 群益科技高息成長,2025/11,M2300,電子工業,-,41.81,"2,901,066",-,-3.1657,
00946 群益科技高息成長,2025/11,MOTC,國內上櫃,-,6.06,"420,485",-,-0.768,
00946 群益科技高息成長,2025/11,MTSE,國內上市,-,35.75,"2,480,581",-,-2.1495,
00946 群益科技高息成長,2025/11,TT99,基金總規模,-,-,"6,938,689",-,-,
00947 台新臺灣IC設計,2025/11,2308,台達電,188,8.7,"175,230",0.01,-6.3316,TW0002308004
00947 台新臺灣IC設計,2025/11,2454,聯發科,143,9.9,"199,399",0.01,6.4885,TW0002454006
00947 台新臺灣IC設計,2025/11,3443,創意,72,8.08,"162,742",0.05,47.7125,TW0003443008
00947 台新臺灣IC設計,2025/11,5274,信驊,25,9.08,"182,883",0.07,33.7292,TW0005274005
00947 台新臺灣IC設計,2025/11,8299,群聯,141,7.84,"157,908",0.07,5.1642,TW0008299009
00947 台新臺灣IC設計,2025/11,M2300,電子工業,-,43.6,"878,163",-,-3.1657,
00947 台新臺灣IC設計,2025/11,MOTC,國內上櫃,-,16.92,"340,792",-,-0.768,
00947 台新臺灣IC設計,2025/11,MTSE,國內上市,-,26.68,"537,371",-,-2.1495,
00947 台新臺灣IC設計,2025/11,TT99,基金總規模,-,-,"2,014,135",-,-,
00949 復華日本龍頭,2025/11,-,-,-,-,-,-,-,-
00951 台新日本半導體,2025/11,-,-,-,-,-,-,-,-
00952 凱基台灣AI50,2025/11,-,-,-,-,-,-,-,-
00954 中信日本半導體,2025/11,-,-,-,-,-,-,-,-
00955 中信日本商社,2025/11,-,-,-,-,-,-,-,-
00956 中信日經高股息,2025/11,-,-,-,-,-,-,-,-
00960 野村全球航運龍頭,2025/11,-,-,-,-,-,-,-,-
00961 FT臺灣永續高息,2025/11,2371,大同,"2,964",4.17,"99,145",0.14,-7.5966,TW0002371002
00961 FT臺灣永續高息,2025/11,2385,群光,808,4.08,"97,005",0.11,-7.6924,TW0002385002
00961 FT臺灣永續高息,2025/11,2603,長榮,"1,042",7.87,"187,115",0.05,-7.2353,TW0002603008
00961 FT臺灣永續高息,2025/11,2609,陽明,"2,935",6.42,"152,640",0.08,-9.5652,TW0002609005
00961 FT臺灣永續高息,2025/11,6176,瑞儀,803,4.07,"96,767",0.17,-8.7121,TW0006176001
00961 FT臺灣永續高息,2025/11,M1500,電機機械,-,4.17,"99,145",-,-8.8799,
00961 FT臺灣永續高息,2025/11,M2300,電子工業,-,8.15,"193,772",-,-3.1657,
00961 FT臺灣永續高息,2025/11,M2600,航運業,-,14.29,"339,755",-,-3.437,
00961 FT臺灣永續高息,2025/11,MTSE,國內上市,-,26.61,"632,672",-,-2.1495,
00961 FT臺灣永續高息,2025/11,TT99,基金總規模,-,-,"2,377,574",-,-,
00962 台新AI優息動能,2025/11,1504,東元,553,7.18,"48,529",0.02,-24.7211,TW0001504009
00962 台新AI優息動能,2025/11,1590,亞德客-KY,32,4.28,"28,928",0.02,-0.8781,KYG014081064
00962 台新AI優息動能,2025/11,2317,鴻海,240,8.01,"54,139",0,-12.4272,TW0002317005
00962 台新AI優息動能,2025/11,3231,緯創,313,6.69,"45,217",0.01,-3.9868,TW0003231007
00962 台新AI優息動能,2025/11,5536,聖暉*,40,4.12,"27,847",0.03,-9.6104,TW0005536007
00962 台新AI優息動能,2025/11,M1500,電機機械,-,11.46,"77,458",-,-8.8799,
00962 台新AI優息動能,2025/11,M2300,電子工業,-,18.82,"127,204",-,-3.1657,
00962 台新AI優息動能,2025/11,MOTC,國內上櫃,-,4.12,"27,847",-,-0.768,
00962 台新AI優息動能,2025/11,MTSE,國內上市,-,26.16,"176,815",-,-2.1495,
00962 台新AI優息動能,2025/11,TT99,基金總規模,-,-,"675,896",-,-,
00963 中信全球高股息,2025/11,-,-,-,-,-,-,-,-
00964 中信亞太高股息,2025/11,-,-,-,-,-,-,-,-
00965 元大航太防衛科技,2025/11,-,-,-,-,-,-,-,-
00971 野村美國研發龍頭,2025/11,-,-,-,-,-,-,-,-
00972 野村日本動能高息,2025/11,-,-,-,-,-,-,-,-
009800 中信NASDAQ,2025/11,-,-,-,-,-,-,-,-
009801 中信美國創新科技,2025/11,-,-,-,-,-,-,-,-
009802 富邦旗艦50,2025/11,2308,台達電,"1,077",14.04,"1,003,956",0.04,-6.3316,TW0002308004
009802 富邦旗艦50,2025/11,2317,鴻海,"5,572",17.57,"1,256,375",0.04,-12.4272,TW0002317005
009802 富邦旗艦50,2025/11,2345,智邦,304,4.36,"311,770",0.05,-5.0926,TW0002345006
009802 富邦旗艦50,2025/11,2454,聯發科,637,12.43,"888,830",0.04,6.4885,TW0002454006
009802 富邦旗艦50,2025/11,2881,富邦金,"3,452",4.47,"319,635",0.02,1.5352,TW0002881000
009802 富邦旗艦50,2025/11,M2300,電子工業,-,48.4,"3,460,930",-,-3.1657,
009802 富邦旗艦50,2025/11,M2800,金融業(合計),-,4.47,"319,635",-,1.1873,
009802 富邦旗艦50,2025/11,MTSE,國內上市,-,52.87,"3,780,566",-,-2.1495,
009802 富邦旗艦50,2025/11,TT99,基金總規模,-,-,"7,150,682",-,-,
009803 保德信市值動能50,2025/11,2308,台達電,56,3.99,"52,133",0,-6.3316,TW0002308004
009803 保德信市值動能50,2025/11,2317,鴻海,560,9.67,"126,348",0,-12.4272,TW0002317005
009803 保德信市值動能50,2025/11,2330,台積電,314,34.6,"452,083",0,-3.9998,TW0002330008
009803 保德信市值動能50,2025/11,2454,聯發科,60,6.41,"83,753",0,6.4885,TW0002454006
009803 保德信市值動能50,2025/11,2881,富邦金,643,4.56,"59,581",0,1.5352,TW0002881000
009803 保德信市值動能50,2025/11,M2300,電子工業,-,54.67,"714,317",-,-3.1657,
009803 保德信市值動能50,2025/11,M2800,金融業(合計),-,4.56,"59,581",-,1.1873,
009803 保德信市值動能50,2025/11,MTSE,國內上市,-,59.23,"773,898",-,-2.1495,
009803 保德信市值動能50,2025/11,TT99,基金總規模,-,-,"1,306,598",-,-,
009804 聯邦台精彩50,2025/11,2308,台達電,92,5.29,"86,000",0,-6.3316,TW0002308004
009804 聯邦台精彩50,2025/11,2317,鴻海,619,8.58,"139,486",0,-12.4272,TW0002317005
009804 聯邦台精彩50,2025/11,2330,台積電,361,31.94,"519,252",0,-3.9998,TW0002330008
009804 聯邦台精彩50,2025/11,2454,聯發科,75,6.46,"105,021",0,6.4885,TW0002454006
009804 聯邦台精彩50,2025/11,2881,富邦金,425,2.42,"39,342",0,1.5352,TW0002881000
009804 聯邦台精彩50,2025/11,M2300,電子工業,-,52.27,"849,759",-,-3.1657,
009804 聯邦台精彩50,2025/11,M2800,金融業(合計),-,2.42,"39,342",-,1.1873,
009804 聯邦台精彩50,2025/11,MTSE,國內上市,-,54.69,"889,101",-,-2.1495,
009804 聯邦台精彩50,2025/11,TT99,基金總規模,-,-,"1,625,710",-,-,
009805 新光美國電力基建,2025/11,-,-,-,-,-,-,-,-
009806 台新標普500,2025/11,-,-,-,-,-,-,-,-
009807 台新標普科技精選,2025/11,-,-,-,-,-,-,-,-
009808 華南永昌優選50,2025/11,2308,台達電,67,5.97,"62,454",0,-6.3316,TW0002308004
009808 華南永昌優選50,2025/11,2317,鴻海,385,8.3,"86,829",0,-12.4272,TW0002317005
009808 華南永昌優選50,2025/11,2330,台積電,252,34.69,"362,902",0,-3.9998,TW0002330008
009808 華南永昌優選50,2025/11,2454,聯發科,48,6.4,"66,952",0,6.4885,TW0002454006
009808 華南永昌優選50,2025/11,2881,富邦金,322,2.85,"29,815",0,1.5352,TW0002881000
009808 華南永昌優選50,2025/11,M2300,電子工業,-,55.36,"579,137",-,-3.1657,
009808 華南永昌優選50,2025/11,M2800,金融業(合計),-,2.85,"29,815",-,1.1873,
009808 華南永昌優選50,2025/11,MTSE,國內上市,-,58.21,"608,952",-,-2.1495,
009808 華南永昌優選50,2025/11,TT99,基金總規模,-,-,"1,046,130",-,-,
009809 富邦淨零ESG50,2025/11,2303,聯電,"1,309",7.08,"59,968",0.01,-1.293,TW0002303005
009809 富邦淨零ESG50,2025/11,2330,台積電,205,34.85,"295,182",0,-3.9998,TW0002330008
009809 富邦淨零ESG50,2025/11,2412,中華電,333,5.13,"43,452",0,-0.3817,TW0002412004
009809 富邦淨零ESG50,2025/11,2885,元大金,868,3.7,"31,339",0.01,4.6377,TW0002885001
009809 富邦淨零ESG50,2025/11,3711,日月光投控,318,8.62,"73,012",0.01,-7.2725,TW0003711008
009809 富邦淨零ESG50,2025/11,M2300,電子工業,-,55.68,"471,614",-,-3.1657,
009809 富邦淨零ESG50,2025/11,M2800,金融業(合計),-,3.7,"31,339",-,1.1873,
009809 富邦淨零ESG50,2025/11,MTSE,國內上市,-,59.38,"502,954",-,-2.1495,
009809 富邦淨零ESG50,2025/11,TT99,基金總規模,-,-,"847,008",-,-,
00980A 主動野村臺灣優選,2025/11,-,-,-,-,-,-,-,-
00980D 聯博投等入息,2025/11,-,-,-,-,-,-,-,-
00980T 平衡凱基美TOP,2025/11,-,-,-,-,-,-,-,-
009810 保德信全球藍籌,2025/11,-,-,-,-,-,-,-,-
009811 統一美國50,2025/11,-,-,-,-,-,-,-,-
009812 野村日本東證,2025/11,-,-,-,-,-,-,-,-
009813 貝萊德標普卓50,2025/11,-,-,-,-,-,-,-,-
00981A 主動統一台股增長,2025/11,-,-,-,-,-,-,-,-
00981D 主動中信非投等,2025/11,-,-,-,-,-,-,-,-
00981T 凱基雙核收息,2025/11,-,-,-,-,-,-,-,-
00982A 主動群益台灣強棒,2025/11,-,-,-,-,-,-,-,-
00982D 主動富邦動態入息,2025/11,-,-,-,-,-,-,-,-
00983A 主動中信ARK創新,2025/11,-,-,-,-,-,-,-,-
00983D 主動富邦複合收益,2025/11,-,-,-,-,-,-,-,-
00984A 主動安聯台灣高息,2025/11,-,-,-,-,-,-,-,-
00985A 主動野村台灣50,2025/11,-,-,-,-,-,-,-,-
00986A 主動台新龍頭,2025/11,-,-,-,-,-,-,-,-
00988A 主動統一全創,2025/11,-,-,-,-,-,-,-,-
00989A 摩根美領先科技,2025/11,-,-,-,-,-,-,-,-
AI04 友邦巨鵬,2025/11,-,-,-,-,-,-,-,-
AI05 友邦網路商務,2025/11,-,-,-,-,-,-,-,-
AI06 友邦台商巨航,2025/11,-,-,-,-,-,-,-,-
AI18 友邦台灣靈活配置,2025/11,-,-,-,-,-,-,-,-
AI25 柏瑞中印雙霸,2025/11,-,-,-,-,-,-,-,-
AP06 金復華新平衡,2025/11,-,-,-,-,-,-,-,-
AP07 金復華系統組合,2025/11,-,-,-,-,-,-,-,-
AP08 宏利經典平衡,2025/11,-,-,-,-,-,-,-,-
AP10 金復華精鑽平衡,2025/11,-,-,-,-,-,-,-,-
AS03 法華滿益,2025/11,-,-,-,-,-,-,-,-
AS04 法華開發,2025/11,-,-,-,-,-,-,-,-
AS07 中央國際精鑽,2025/11,-,-,-,-,-,-,-,-
AS10 兆豐國際高科技,2025/11,-,-,-,-,-,-,-,-
AS13 兆豐國際歡喜平衡,2025/11,-,-,-,-,-,-,-,-
AS17 兆豐國際圓滿組合,2025/11,-,-,-,-,-,-,-,-
BR03 奔華磐石,2025/11,-,-,-,-,-,-,-,-
BR04 奔華利基,2025/11,-,-,-,-,-,-,-,-
BR05 奔華高科技,2025/11,-,-,-,-,-,-,-,-
BR06 奔華安定,2025/11,-,-,-,-,-,-,-,-
BR08 倍立全球科技,2025/11,-,-,-,-,-,-,-,-
BR09 倍立中概基金,2025/11,-,-,-,-,-,-,-,-
BR11 貝萊德亞太領航,2025/11,-,-,-,-,-,-,-,-
BR12 奔華台灣動力成長,2025/11,-,-,-,-,-,-,-,-
BT02 合庫巴黎新興亞洲,2025/11,-,-,-,-,-,-,-,-
CA11 群益全球數位,2025/11,-,-,-,-,-,-,-,-
CF04 阿波羅諾貝爾,2025/11,-,-,-,-,-,-,-,-
CF06 台壽保媽祖,2025/11,-,-,-,-,-,-,-,-
CF08 台壽保飛龍成長,2025/11,-,-,-,-,-,-,-,-
CF09 台壽保平衡,2025/11,-,-,-,-,-,-,-,-
CF11 台壽保龍騰優勢,2025/11,-,-,-,-,-,-,-,-
CF13 台壽保中華經貿25,2025/11,-,-,-,-,-,-,-,-
CF17 未來活力旺中小,2025/11,-,-,-,-,-,-,-,-
CH04 中興幸福,2025/11,-,-,-,-,-,-,-,-
CH05 華頓快樂,2025/11,-,-,-,-,-,-,-,-
CH07 華頓典範科技,2025/11,-,-,-,-,-,-,-,-
CH10 華頓台灣旺組合,2025/11,-,-,-,-,-,-,-,-
CH11 華頓全球旺組合,2025/11,-,-,-,-,-,-,-,-
CH12 華頓全球新星股票,2025/11,-,-,-,-,-,-,-,-
CH13 華頓台灣金磚,2025/11,-,-,-,-,-,-,-,-
CI01 匯豐基金,2025/11,-,-,-,-,-,-,-,-
CI02 匯豐萬邦,2025/11,-,-,-,-,-,-,-,-
CI04 匯豐台灣,2025/11,-,-,-,-,-,-,-,-
CI06 匯豐 100,2025/11,-,-,-,-,-,-,-,-
CI14 匯豐歐洲精典組合,2025/11,-,-,-,-,-,-,-,-
CI16 中華佳值,2025/11,-,-,-,-,-,-,-,-
CI20 匯豐環宇精選平衡,2025/11,-,-,-,-,-,-,-,-
CI21 匯豐三高平衡,2025/11,-,-,-,-,-,-,-,-
CI23 匯豐新日本動力組,2025/11,-,-,-,-,-,-,-,-
CI28 匯豐全球新富,2025/11,-,-,-,-,-,-,-,-
CI29 匯豐聚富積極平衡,2025/11,-,-,-,-,-,-,-,-
CI30 匯豐聚富穩健平衡,2025/11,-,-,-,-,-,-,-,-
CP01 保誠威鋒,2025/11,-,-,-,-,-,-,-,-
CP06 瀚亞掌櫃,2025/11,-,-,-,-,-,-,-,-
CP08 保誠金融,2025/11,-,-,-,-,-,-,-,-
CP09 保誠亞太3C,2025/11,-,-,-,-,-,-,-,-
CP11 保誠台資概念,2025/11,-,-,-,-,-,-,-,-
CP18 保誠運籌人生,2025/11,-,-,-,-,-,-,-,-
CP19 保誠理財通二號,2025/11,-,-,-,-,-,-,-,-
CP20 保誠理財通三號,2025/11,-,-,-,-,-,-,-,-
CS01 中信和豐指數,2025/11,-,-,-,-,-,-,-,-
CS05 景順中信店頭,2025/11,-,-,-,-,-,-,-,-
CS06 景順龍,2025/11,-,-,-,-,-,-,-,-
CS11 景順平衡,2025/11,-,-,-,-,-,-,-,-
CS12 景順寰宇先進,2025/11,-,-,-,-,-,-,-,-
CS13 景順中信新價值,2025/11,-,-,-,-,-,-,-,-
CS17 景順台灣精選成長,2025/11,-,-,-,-,-,-,-,-
CS19 景順富麗人生,2025/11,-,-,-,-,-,-,-,-
CS21 景順高股息平衡,2025/11,-,-,-,-,-,-,-,-
CS23 景順日本,2025/11,-,-,-,-,-,-,-,-
CY08 國泰全球雙利,2025/11,-,-,-,-,-,-,-,-
CY10 國泰精選平衡,2025/11,-,-,-,-,-,-,-,-
CY11 國泰豐利平衡,2025/11,-,-,-,-,-,-,-,-
CY22 國泰全球娛樂,2025/11,-,-,-,-,-,-,-,-
DD03 德盛優選大壩,2025/11,-,-,-,-,-,-,-,-
DD09 德盛安聯中小動態,2025/11,-,-,-,-,-,-,-,-
DD11 德盛安聯目標2015,2025/11,-,-,-,-,-,-,-,-
DD12 德盛安聯目標2020,2025/11,-,-,-,-,-,-,-,-
DD13 德盛安聯目標2030,2025/11,-,-,-,-,-,-,-,-
DD16 德盛安聯多元計量,2025/11,-,-,-,-,-,-,-,-
DD25 德盛安聯台灣好息,2025/11,-,-,-,-,-,-,-,-
DF03 德信大富,2025/11,-,-,-,-,-,-,-,-
DF04 德信跨世紀,2025/11,-,-,-,-,-,-,-,-
DF05 德信全方位,2025/11,-,-,-,-,-,-,-,-
DF08 德信長春藤,2025/11,-,-,-,-,-,-,-,-
DF11 德信利基,2025/11,-,-,-,-,-,-,-,-
DS03 中信半導體科技,2025/11,-,-,-,-,-,-,-,-
DS04 富鼎大三元,2025/11,-,-,-,-,-,-,-,-
DS06 富鼎新興中小,2025/11,-,-,-,-,-,-,-,-
DS08 富鼎大台灣,2025/11,-,-,-,-,-,-,-,-
DS10 富鼎亞美,2025/11,-,-,-,-,-,-,-,-
DS11 富鼎寶馬,2025/11,-,-,-,-,-,-,-,-
DS12 富鼎大不同,2025/11,-,-,-,-,-,-,-,-
DS14 富鼎精選組合,2025/11,-,-,-,-,-,-,-,-
DS15 富鼎優選平衡,2025/11,-,-,-,-,-,-,-,-
DS16 富鼎全球收益組合,2025/11,-,-,-,-,-,-,-,-
DS17 富鼎全球永安平衡,2025/11,-,-,-,-,-,-,-,-
DS20 中信東方精選基金,2025/11,-,-,-,-,-,-,-,-
ES01 玉山登峰,2025/11,-,-,-,-,-,-,-,-
ES03 玉山金典平衡,2025/11,-,-,-,-,-,-,-,-
ES04 玉山金如意平衡,2025/11,-,-,-,-,-,-,-,-
ES05 玉山旭日組合,2025/11,-,-,-,-,-,-,-,-
ES06 玉山全球平衡,2025/11,-,-,-,-,-,-,-,-
ES11 施羅德台灣主動,2025/11,-,-,-,-,-,-,-,-
ES12 施羅德全球主動組,2025/11,-,-,-,-,-,-,-,-
ES13 施羅德世界資源,2025/11,-,-,-,-,-,-,-,-
FD01 富達台灣,2025/11,-,-,-,-,-,-,-,-
FD06 富達動力領航組合,2025/11,-,-,-,-,-,-,-,-
FE05 德銀遠東DWS 亞洲,2025/11,-,-,-,-,-,-,-,-
FE07 德銀DWS 台灣精選,2025/11,-,-,-,-,-,-,-,-
FP01 富邦幸福,2025/11,-,-,-,-,-,-,-,-
FP06 富邦冠軍,2025/11,-,-,-,-,-,-,-,-
FP08 富邦88,2025/11,-,-,-,-,-,-,-,-
FP15 富邦價值,2025/11,-,-,-,-,-,-,-,-
FP16 富邦網路,2025/11,-,-,-,-,-,-,-,-
FP18 富邦亞洲科技,2025/11,-,-,-,-,-,-,-,-
FP19 富邦福寶,2025/11,-,-,-,-,-,-,-,-
FP20 富邦全球精選,2025/11,-,-,-,-,-,-,-,-
FP22 富邦福泰,2025/11,-,-,-,-,-,-,-,-
FP30 富邦台灣企業-B類,2025/11,-,-,-,-,-,-,-,-
FP34 富邦農糧精選基金,2025/11,-,-,-,-,-,-,-,-
FP35 富邦新興亞洲,2025/11,-,-,-,-,-,-,-,-
GC06 大華亞洲科技,2025/11,-,-,-,-,-,-,-,-
GC10 永豐中概平衡,2025/11,-,-,-,-,-,-,-,-
GC12 永豐永益平衡,2025/11,-,-,-,-,-,-,-,-
GC15 永豐雙核心組合,2025/11,-,-,-,-,-,-,-,-
GC16 大華創世紀,2025/11,-,-,-,-,-,-,-,-
GC18 大華哥倫布,2025/11,-,-,-,-,-,-,-,-
GC19 大華新世紀,2025/11,-,-,-,-,-,-,-,-
GC20 永豐策略平衡,2025/11,-,-,-,-,-,-,-,-
GC22 永豐麥哲倫全球平,2025/11,-,-,-,-,-,-,-,-
GC24 永豐環球趨勢資源,2025/11,-,-,-,-,-,-,-,-
GC27 永豐全球新興向榮,2025/11,-,-,-,-,-,-,-,-
GC32 永豐亞洲中小,2025/11,-,-,-,-,-,-,-,-
IB01 台陽遠見,2025/11,-,-,-,-,-,-,-,-
IB03 台陽平衡,2025/11,-,-,-,-,-,-,-,-
IB04 國票精選成長,2025/11,-,-,-,-,-,-,-,-
IB05 台陽富利平衡,2025/11,-,-,-,-,-,-,-,-
IB06 惠理康和台灣紅不,2025/11,-,-,-,-,-,-,-,-
IB10 惠理康和美元收 A,2025/11,-,-,-,-,-,-,-,-
IC07 ING 平穩精選,2025/11,-,-,-,-,-,-,-,-
IC13 彰銀安泰ING 活利,2025/11,-,-,-,-,-,-,-,-
IC16 安泰ING 鑫全球成,2025/11,-,-,-,-,-,-,-,-
IC17 安泰ING 鑫全球安,2025/11,-,-,-,-,-,-,-,-
IC31 荷銀安利,2025/11,-,-,-,-,-,-,-,-
IC35 安泰ING 全球首選,2025/11,-,-,-,-,-,-,-,-
IC36 安泰ING 全球安穩,2025/11,-,-,-,-,-,-,-,-
IC37 安泰ING 盛利,2025/11,-,-,-,-,-,-,-,-
IC39 ING 歐洲不動產 A,2025/11,-,-,-,-,-,-,-,-
IC44 安泰ING 韓國,2025/11,-,-,-,-,-,-,-,-
IC57 野村金磚七國,2025/11,-,-,-,-,-,-,-,-
II04 國際台灣TFC,2025/11,-,-,-,-,-,-,-,-
II05 兆豐國際精選二十,2025/11,-,-,-,-,-,-,-,-
II07 國際祥龍,2025/11,-,-,-,-,-,-,-,-
II13 兆豐國際金龍,2025/11,-,-,-,-,-,-,-,-
II16 兆豐國際安盈,2025/11,-,-,-,-,-,-,-,-
II21 兆豐國際平衡,2025/11,-,-,-,-,-,-,-,-
II22 兆豐國際兆豐,2025/11,-,-,-,-,-,-,-,-
II23 兆豐國際亞太通平,2025/11,-,-,-,-,-,-,-,-
II24 兆豐國際亞太大聯,2025/11,-,-,-,-,-,-,-,-
II26 兆豐國際巨龍領航,2025/11,-,-,-,-,-,-,-,-
II28 兆豐國際ETF 趨勢,2025/11,-,-,-,-,-,-,-,-
JF102 摩根神龍平衡,2025/11,-,-,-,-,-,-,-,-
JF103 摩根中美G2新勢力,2025/11,-,-,-,-,-,-,-,-
JF108 JP資源活力股票,2025/11,-,-,-,-,-,-,-,-
JF86 摩根全球通網,2025/11,-,-,-,-,-,-,-,-
JF88 摩富新美國,2025/11,-,-,-,-,-,-,-,-
JF91 摩根台灣微型,2025/11,-,-,-,-,-,-,-,-
JF98 摩根縱橫台商,2025/11,-,-,-,-,-,-,-,-
JS08 日盛美亞高科技,2025/11,-,-,-,-,-,-,-,-
JS09 日盛平衡,2025/11,-,-,-,-,-,-,-,-
JS12 日盛美國成長,2025/11,-,-,-,-,-,-,-,-
JS15 日盛全球平衡,2025/11,-,-,-,-,-,-,-,-
JS16 日盛策略平衡,2025/11,-,-,-,-,-,-,-,-
JS18 日盛富利,2025/11,-,-,-,-,-,-,-,-
JS19 日盛富盛平衡,2025/11,-,-,-,-,-,-,-,-
JS22 日盛日本策略,2025/11,-,-,-,-,-,-,-,-
JS23 日盛全球金融資產,2025/11,-,-,-,-,-,-,-,-
JS27 日盛亞洲星鑽,2025/11,-,-,-,-,-,-,-,-
KG02 凱基創星,2025/11,-,-,-,-,-,-,-,-
KG04 凱基先進,2025/11,-,-,-,-,-,-,-,-
KG05 凱基精算家,2025/11,-,-,-,-,-,-,-,-
KG06 凱基長盛,2025/11,-,-,-,-,-,-,-,-
KG08 凱基GAMA策略組合,2025/11,-,-,-,-,-,-,-,-
KG09 凱基藍海策略,2025/11,-,-,-,-,-,-,-,-
KG10 凱基大中華,2025/11,-,-,-,-,-,-,-,-
KG12 凱基台灣電利,2025/11,-,-,-,-,-,-,-,-
KG14 凱基全球五色商組,2025/11,-,-,-,-,-,-,-,-
KH02 荷銀福爾摩莎,2025/11,-,-,-,-,-,-,-,-
KH06 荷銀福爾摩莎成長,2025/11,-,-,-,-,-,-,-,-
KH13 荷銀精選主流,2025/11,-,-,-,-,-,-,-,-
KH14 荷銀店頭,2025/11,-,-,-,-,-,-,-,-
KH15 荷銀中小企業,2025/11,-,-,-,-,-,-,-,-
KH18 光華安泰,2025/11,-,-,-,-,-,-,-,-
KY03 寶來美台雙利,2025/11,-,-,-,-,-,-,-,-
KY04 寶來地產,2025/11,-,-,-,-,-,-,-,-
KY05 寶來海峽,2025/11,-,-,-,-,-,-,-,-
KY07 寶來平衡,2025/11,-,-,-,-,-,-,-,-
KY10 寶來全球優勢,2025/11,-,-,-,-,-,-,-,-
KY20 寶來全球金融 A,2025/11,-,-,-,-,-,-,-,-
KY26 寶來環球運動休閒,2025/11,-,-,-,-,-,-,-,-
KY27 寶來台灣計量平衡,2025/11,-,-,-,-,-,-,-,-
ML13 保德信日韓,2025/11,-,-,-,-,-,-,-,-
ML18 保德信美國,2025/11,-,-,-,-,-,-,-,-
ML19 保德信全球組合,2025/11,-,-,-,-,-,-,-,-
ML20 保德信全球科技,2025/11,-,-,-,-,-,-,-,-
ML21 保德信全球平衡組,2025/11,-,-,-,-,-,-,-,-
ML23 保德信日本,2025/11,-,-,-,-,-,-,-,-
ML30 保德信全球優質股,2025/11,-,-,-,-,-,-,-,-
ML36 保德信新興中小,2025/11,-,-,-,-,-,-,-,-
ML37 保德信大俄羅斯,2025/11,-,-,-,-,-,-,-,-
NC01 建弘基金,2025/11,-,-,-,-,-,-,-,-
NC02 第一金泛太,2025/11,-,-,-,-,-,-,-,-
NC03 建弘雙福,2025/11,-,-,-,-,-,-,-,-
NC04 建弘台北,2025/11,-,-,-,-,-,-,-,-
NC05 建弘新台北,2025/11,-,-,-,-,-,-,-,-
NC07 第一金萬得福精選,2025/11,-,-,-,-,-,-,-,-
NC08 第一金馬來西亞,2025/11,-,-,-,-,-,-,-,-
NC09 第一金福王,2025/11,-,-,-,-,-,-,-,-
NC12 第一金全球台商,2025/11,-,-,-,-,-,-,-,-
NC17 建弘價值,2025/11,-,-,-,-,-,-,-,-
NC20 建弘美國科技,2025/11,-,-,-,-,-,-,-,-
NC22 建弘高股息平衡,2025/11,-,-,-,-,-,-,-,-
NC24 建弘全球平衡組合,2025/11,-,-,-,-,-,-,-,-
NC26 第一金旗艦,2025/11,-,-,-,-,-,-,-,-
NC27 第一金歐洲動力平,2025/11,-,-,-,-,-,-,-,-
NC28 第一金策略平衡,2025/11,-,-,-,-,-,-,-,-
NC31 第一金台灣成長,2025/11,-,-,-,-,-,-,-,-
NC33 第一金金鑽,2025/11,-,-,-,-,-,-,-,-
NC41 第一金全球品牌,2025/11,-,-,-,-,-,-,-,-
NC44 第一金全球資源,2025/11,-,-,-,-,-,-,-,-
PA01 泛亞高倍速,2025/11,-,-,-,-,-,-,-,-
PA03 台育高科技,2025/11,-,-,-,-,-,-,-,-
PA05 寶華成豐永保安康,2025/11,-,-,-,-,-,-,-,-
PA06 寶華成豐嚴選,2025/11,-,-,-,-,-,-,-,-
PS07 統一魔力,2025/11,-,-,-,-,-,-,-,-
PS15 統一中小優質,2025/11,-,-,-,-,-,-,-,-
PS17 統一飛躍成長,2025/11,-,-,-,-,-,-,-,-
PS18 統一保安平衡,2025/11,-,-,-,-,-,-,-,-
PS19 統一全球精選組合,2025/11,-,-,-,-,-,-,-,-
PS28 統一大南亞,2025/11,-,-,-,-,-,-,-,-
SH04 盛華8888中小,2025/11,-,-,-,-,-,-,-,-
SH06 盛華2008華商,2025/11,-,-,-,-,-,-,-,-
SH08 盛華0566全球平衡,2025/11,-,-,-,-,-,-,-,-
SH10 盛華9966平衡,2025/11,-,-,-,-,-,-,-,-
T0102Y 兆豐第一,2025/11,-,-,-,-,-,-,-,-
T0103Y 兆豐國民,2025/11,-,-,-,-,-,-,-,-
T0104Y 兆豐全球,2025/11,-,-,-,-,-,-,-,-
T0105Y 兆豐萬全Aa,2025/11,-,-,-,-,-,-,-,-
T0107Y 兆豐國際中小,2025/11,-,-,-,-,-,-,-,-
T0108Y 兆豐電子,2025/11,-,-,-,-,-,-,-,-
T0109Y 兆豐生命科學,2025/11,-,-,-,-,-,-,-,-
T0110Y 兆豐豐台灣,2025/11,-,-,-,-,-,-,-,-
T0112Y 兆豐國際綠鑽,2025/11,-,-,-,-,-,-,-,-
T0114Y 兆豐國際全球高股,2025/11,-,-,-,-,-,-,-,-
T0115Y 兆豐國際民生動力,2025/11,-,-,-,-,-,-,-,-
T0119A 兆豐中國 A股Aa,2025/11,-,-,-,-,-,-,-,-
T0120A 兆豐策略ETF,2025/11,-,-,-,-,-,-,-,-
T0121A 兆豐大中華平衡,2025/11,-,-,-,-,-,-,-,-
T0127A 兆豐中內需A.Aa,2025/11,-,-,-,-,-,-,-,-
T0129Y 兆豐台先通訊Aa,2025/11,-,-,-,-,-,-,-,-
T0131A 兆豐台金傳股Aa,2025/11,-,-,-,-,-,-,-,-
T0133A 兆豐全元宇宙Aa,2025/11,-,-,-,-,-,-,-,-
T0134A 兆豐新房地產Aa,2025/11,-,-,-,-,-,-,-,-
T0135A 兆豐日優多重Aa,2025/11,-,-,-,-,-,-,-,-
T0137A 兆豐收益多重A,2025/11,-,-,-,-,-,-,-,-
T0138A 兆豐台美永續Aa,2025/11,-,-,-,-,-,-,-,-
T0139A 兆豐尖端科技Aa,2025/11,-,-,-,-,-,-,-,-
T0311Y 第一金店頭,2025/11,-,-,-,-,-,-,-,-
T0313Y 第一金小型,2025/11,-,-,-,-,-,-,-,-
T0314Y 第一金電子,2025/11,-,-,-,-,-,-,-,-
T0316Y 第一金亞洲科技,2025/11,-,-,-,-,-,-,-,-
T0318Y 第一金大中華,2025/11,-,-,-,-,-,-,-,-
T0320Y 第一金中概平衡,2025/11,-,-,-,-,-,-,-,-
T0326A 第一金全球不動 A,2025/11,-,-,-,-,-,-,-,-
T0331Y 一金趨勢Aa,2025/11,-,-,-,-,-,-,-,-
T0334Y 第一金中國世紀,2025/11,-,-,-,-,-,-,-,-
T0335Y 第一金亞洲新興市,2025/11,-,-,-,-,-,-,-,-
T0336Y 第一金創新Aa,2025/11,-,-,-,-,-,-,-,-
T0343A 第一金全球多息 A,2025/11,-,-,-,-,-,-,-,-
T0346A 一金AI機器人Aa,2025/11,-,-,-,-,-,-,-,-
T0347A 一金AI FTech.Aa,2025/11,-,-,-,-,-,-,-,-
T0348A 一金大四喜組累,2025/11,-,-,-,-,-,-,-,-
T0349A 第一金水電Aa,2025/11,-,-,-,-,-,-,-,-
T0350A 第一金AI醫療Aa,2025/11,-,-,-,-,-,-,-,-
T0354A 第一金全AI.Aa,2025/11,-,-,-,-,-,-,-,-
T0359A 第一金全電競Aa,2025/11,-,-,-,-,-,-,-,-
T0360A 第一金全健瘦Aa,2025/11,-,-,-,-,-,-,-,-
T0361A 第一金全Pet.Aa,2025/11,-,-,-,-,-,-,-,-
T0363A 一金核心建設Aa,2025/11,-,-,-,-,-,-,-,-
T0365A 第一金永續多Aa,2025/11,-,-,-,-,-,-,-,-
T0366A 一金量化日本Aa,2025/11,-,-,-,-,-,-,-,-
T0405Y 匯豐安富,2025/11,-,-,-,-,-,-,-,-
T0406Y 匯豐成功,2025/11,-,-,-,-,-,-,-,-
T0408Y 匯豐龍鳳Aa,2025/11,-,-,-,-,-,-,-,-
T0410Y 匯豐龍騰電子,2025/11,-,-,-,-,-,-,-,-
T0414Y 匯豐中小,2025/11,-,-,-,-,-,-,-,-
T0415Y 匯豐台灣精典,2025/11,-,-,-,-,-,-,-,-
T0417Y 匯豐太平洋精典,2025/11,-,-,-,-,-,-,-,-
T0425Y 匯豐金磚動力,2025/11,-,-,-,-,-,-,-,-
T0428Y 匯豐新鑽動力,2025/11,-,-,-,-,-,-,-,-
T0429Y 匯豐全球趨勢組合,2025/11,-,-,-,-,-,-,-,-
T0431Y 匯豐關鍵資源Aa,2025/11,-,-,-,-,-,-,-,-
T0436Y 匯豐中國動力,2025/11,-,-,-,-,-,-,-,-
T0439Y 匯豐黃金及礦業股,2025/11,-,-,-,-,-,-,-,-
T0447Y 匯豐拉丁美洲,2025/11,-,-,-,-,-,-,-,-
T044SA 匯豐核優多Aa,2025/11,-,-,-,-,-,-,-,-
T0453Y 匯豐中國 A股Aa,2025/11,-,-,-,-,-,-,-,-
T0458A 匯豐中多息平Aa,2025/11,-,-,-,-,-,-,-,-
T0475A 匯豐中國科技精選,2025/11,-,-,-,-,-,-,-,-
T0479A 匯亞exJP多息平 A,2025/11,-,-,-,-,-,-,-,-
T0496A 匯豐ESG多資Aa,2025/11,-,-,-,-,-,-,-,-
T0498A 匯豐基礎建設Aa,2025/11,-,-,-,-,-,-,-,-
T0499A 匯豐核心多Aa,2025/11,-,-,-,-,-,-,-,-
T0502Y 元大多福,2025/11,-,-,-,-,-,-,-,-
T0503Y 元大多多基金,2025/11,-,-,-,-,-,-,-,-
T0504Y 元大卓越,2025/11,-,-,-,-,-,-,-,-
T0506Y 元大店頭,2025/11,-,-,-,-,-,-,-,-
T0508Y 元大高科技,2025/11,-,-,-,-,-,-,-,-
T0509Y 元大經貿基金,2025/11,-,-,-,-,-,-,-,-
T0513Y 元大新主流,2025/11,-,-,-,-,-,-,-,-
T0516Y 元大巴菲特基金,2025/11,-,-,-,-,-,-,-,-
T0537Y 元大亞太成長基金,2025/11,-,-,-,-,-,-,-,-
T0538Y 元大泛歐成長基金,2025/11,-,-,-,-,-,-,-,-
T0539A 元大全球滿意 A,2025/11,-,-,-,-,-,-,-,-
T0542A 元大全球地產建 A,2025/11,-,-,-,-,-,-,-,-
T0546A 元大全球公用能 A,2025/11,-,-,-,-,-,-,-,-
T0553Y 元大全球農業商機,2025/11,-,-,-,-,-,-,-,-
T0556Y 元大新中國基金,2025/11,-,-,-,-,-,-,-,-
T0557Y 元大印度基金,2025/11,-,-,-,-,-,-,-,-
T0558Y 元大新興亞洲,2025/11,-,-,-,-,-,-,-,-
T0560Y 元大華夏中小,2025/11,-,-,-,-,-,-,-,-
T0567Y 元大2001,2025/11,-,-,-,-,-,-,-,-
T0568Y 元大績效基金,2025/11,-,-,-,-,-,-,-,-
T0572Y 元大精準中小基金,2025/11,-,-,-,-,-,-,-,-
T0574Y 元大台灣加權股Aa,2025/11,-,-,-,-,-,-,-,-
T0575Y 元大全ETF穩健Aa,2025/11,-,-,-,-,-,-,-,-
T0576B 元大全球不動產 B,2025/11,-,-,-,-,-,-,-,-
T0577Y 元大全球新興市場,2025/11,-,-,-,-,-,-,-,-
T0578Y 元大全球 ETF成長,2025/11,-,-,-,-,-,-,-,-
T0581Y 元大大中華價值指,2025/11,-,-,-,-,-,-,-,-
T0585Y 元大巴西指數基金,2025/11,-,-,-,-,-,-,-,-
T0586Y 元大印度指數基金,2025/11,-,-,-,-,-,-,-,-
T0587Y 元大印尼指數基金,2025/11,-,-,-,-,-,-,-,-
T0589Y 元大新興市場 ESG,2025/11,-,-,-,-,-,-,-,-
T0591Y 元大中平衡 NTD,2025/11,-,-,-,-,-,-,-,-
T0596A 元大大中華 TMT,2025/11,-,-,-,-,-,-,-,-
T0597A 元大全股票入息A,2025/11,-,-,-,-,-,-,-,-
T05A2A 元大新東協平衡,2025/11,-,-,-,-,-,-,-,-
T05A3A 元大大中華豐平,2025/11,-,-,-,-,-,-,-,-
T05A7A 元大亞息100.Aa,2025/11,-,-,-,-,-,-,-,-
T05A9A 元大多重資產,2025/11,-,-,-,-,-,-,-,-
T05B2A 元大台卓50連Aa,2025/11,-,-,-,-,-,-,-,-
T05B3A 元大台高息連Aa,2025/11,-,-,-,-,-,-,-,-
T05B4A 元大富櫃50連Aa,2025/11,-,-,-,-,-,-,-,-
T05B5A 元大台高息龍Aa,2025/11,-,-,-,-,-,-,-,-
T05B6A 元大龍頭平衡Aa,2025/11,-,-,-,-,-,-,-,-
T05C1A 元大日企業Aa,2025/11,-,-,-,-,-,-,-,-
T05C2A 元台高息低波連Aa,2025/11,-,-,-,-,-,-,-,-
T05C3A 元大臺ESG連Aa,2025/11,-,-,-,-,-,-,-,-
T05C4Y 元大標普500連,2025/11,-,-,-,-,-,-,-,-
T05C5Y 元大航太防衛連,2025/11,-,-,-,-,-,-,-,-
T0601Y 景順潛力,2025/11,-,-,-,-,-,-,-,-
T0603Y 景順全球科技Bd,2025/11,-,-,-,-,-,-,-,-
T0605Y 景順台灣科技,2025/11,-,-,-,-,-,-,-,-
T0606Y 景順主流,2025/11,-,-,-,-,-,-,-,-
T0609Y 景順全球康健,2025/11,-,-,-,-,-,-,-,-
T0613A 景順全智慧組合A,2025/11,-,-,-,-,-,-,-,-
T0631A 景順2030優退Aa$,2025/11,-,-,-,-,-,-,-,-
T0633A 景順2031樂資Aa,2025/11,-,-,-,-,-,-,-,-
T0704Y 瀚亞高科技,2025/11,-,-,-,-,-,-,-,-
T0705Y 瀚亞外銷,2025/11,-,-,-,-,-,-,-,-
T0708Y 瀚亞菁華,2025/11,-,-,-,-,-,-,-,-
T0711Y 瀚亞中小型股,2025/11,-,-,-,-,-,-,-,-
T0715Y 瀚亞電通網,2025/11,-,-,-,-,-,-,-,-
T0716Y 瀚亞歐洲,2025/11,-,-,-,-,-,-,-,-
T0717Y 瀚亞理財通Aa,2025/11,-,-,-,-,-,-,-,-
T0718Y 瀚亞美高科技Aa,2025/11,-,-,-,-,-,-,-,-
T0722Y 瀚亞股債入息組 A,2025/11,-,-,-,-,-,-,-,-
T0723Y 瀚亞印度,2025/11,-,-,-,-,-,-,-,-
T0727Y 瀚亞亞太高股息 A,2025/11,-,-,-,-,-,-,-,-
T0729Y 瀚亞趨勢精選組合,2025/11,-,-,-,-,-,-,-,-
T0730A 瀚亞亞太不動產 A,2025/11,-,-,-,-,-,-,-,-
T0732Y 瀚亞亞太基礎建設,2025/11,-,-,-,-,-,-,-,-
T0733Y 瀚亞全球綠色金脈,2025/11,-,-,-,-,-,-,-,-
T0735Y 瀚亞非洲 A,2025/11,-,-,-,-,-,-,-,-
T0736Y 瀚亞巴西,2025/11,-,-,-,-,-,-,-,-
T0739Y 瀚亞中國 A股,2025/11,-,-,-,-,-,-,-,-
T0747A 瀚亞亞太豐平衡 A,2025/11,-,-,-,-,-,-,-,-
T0748A 瀚亞新興豐收A,2025/11,-,-,-,-,-,-,-,-
T0750A 瀚亞全球多重收A,2025/11,-,-,-,-,-,-,-,-
T0751A 瀚亞全球策收股A,2025/11,-,-,-,-,-,-,-,-
T0754A 瀚亞印度平衡Aa,2025/11,-,-,-,-,-,-,-,-
T0759A 瀚亞多重優組Aa,2025/11,-,-,-,-,-,-,-,-
T0760A 瀚亞印度多重Aa,2025/11,-,-,-,-,-,-,-,-
T0769A 瀚亞2030收優Aa,2025/11,-,-,-,-,-,-,-,-
T0771A 瀚亞2031多重Aa$,2025/11,-,-,-,-,-,-,-,-
T0772A 瀚亞科技資本Aa,2025/11,-,-,-,-,-,-,-,-
T0773A 瀚亞智數股Aa,2025/11,-,-,-,-,-,-,-,-
T0802Y PGIM高成長Aa,2025/11,-,-,-,-,-,-,-,-
T0803Y PGIM金滿意Aa,2025/11,-,-,-,-,-,-,-,-
T0804Y PGIM亞太Aa,2025/11,-,-,-,-,-,-,-,-
T0806Y PGIM店頭市場Aa,2025/11,-,-,-,-,-,-,-,-
T0807Y 保德信第一,2025/11,-,-,-,-,-,-,-,-
T0808Y PGIM科技島Aa,2025/11,-,-,-,-,-,-,-,-
T0809Y PGIM大中華Aa,2025/11,-,-,-,-,-,-,-,-
T0810Y PGIM中小型股Aa,2025/11,-,-,-,-,-,-,-,-
T0812Y PGIM新世紀Aa,2025/11,-,-,-,-,-,-,-,-
T0814Y PGIM金平衡Aa,2025/11,-,-,-,-,-,-,-,-
T0815Y 保德信台商全方位,2025/11,-,-,-,-,-,-,-,-
T0816Y PGIM醫療生化Aa,2025/11,-,-,-,-,-,-,-,-
T0817Y PGIM全球中小Aa,2025/11,-,-,-,-,-,-,-,-
T0824Y PGIM新興趨勢Aa,2025/11,-,-,-,-,-,-,-,-
T0825Y 保德信歐洲組合,2025/11,-,-,-,-,-,-,-,-
T0826Y PGIM全球資源Aa,2025/11,-,-,-,-,-,-,-,-
T0827Y PGIM全基建設Aa,2025/11,-,-,-,-,-,-,-,-
T0828Y PGIM全消商機Aa,2025/11,-,-,-,-,-,-,-,-
T0830Y PGIM拉丁美洲Aa,2025/11,-,-,-,-,-,-,-,-
T0832Y PGIM中國品牌Aa,2025/11,-,-,-,-,-,-,-,-
T0836Y PGIM中國中小Aa,2025/11,-,-,-,-,-,-,-,-
T0837A PGIM多收組Aa,2025/11,-,-,-,-,-,-,-,-
T0838A 保德策酬 ETF組,2025/11,-,-,-,-,-,-,-,-
T0839A PGIM成ETF組Aa,2025/11,-,-,-,-,-,-,-,-
T0847A PGIM全供應鏈Aa,2025/11,-,-,-,-,-,-,-,-
T0848A PGIM生態ESG.Aa,2025/11,-,-,-,-,-,-,-,-
T0890A PGIM中國好平Aa,2025/11,-,-,-,-,-,-,-,-
T0901Y 統一統信,2025/11,-,-,-,-,-,-,-,-
T0902Y 統一全天候A,2025/11,-,-,-,-,-,-,-,-
T0903Y 統一黑馬,2025/11,-,-,-,-,-,-,-,-
T0904Y 統一龍馬,2025/11,-,-,-,-,-,-,-,-
T0906Y 統一中小,2025/11,-,-,-,-,-,-,-,-
T0909Y 統一經建,2025/11,-,-,-,-,-,-,-,-
T0910Y 統一奔騰,2025/11,-,-,-,-,-,-,-,-
T0911Y 統一大滿貫A,2025/11,-,-,-,-,-,-,-,-
T0912Y 統一亞太,2025/11,-,-,-,-,-,-,-,-
T0921Y 統一強漢,2025/11,-,-,-,-,-,-,-,-
T0922Y 統一台灣動力,2025/11,-,-,-,-,-,-,-,-
T0923Y 統一大龍印,2025/11,-,-,-,-,-,-,-,-
T0924Y 統一大中華中小,2025/11,-,-,-,-,-,-,-,-
T0925Y 統一亞洲科技能源,2025/11,-,-,-,-,-,-,-,-
T0927Y 統一亞洲大金磚,2025/11,-,-,-,-,-,-,-,-
T0931Y 統一大龍騰中國,2025/11,-,-,-,-,-,-,-,-
T0933A 統一全球新科技,2025/11,-,-,-,-,-,-,-,-
T0934A 統一全球動多產A,2025/11,-,-,-,-,-,-,-,-
T0935A 統一大東協高息,2025/11,-,-,-,-,-,-,-,-
T0938A 統一全AIoT.Aa,2025/11,-,-,-,-,-,-,-,-
T0945A 統一台高息Aa,2025/11,-,-,-,-,-,-,-,-
T0948A 統一優選低波Aa,2025/11,-,-,-,-,-,-,-,-
T1001Y 富邦基金Ad,2025/11,-,-,-,-,-,-,-,-
T1004Y 富邦精準,2025/11,-,-,-,-,-,-,-,-
T1005Y 富邦長紅,2025/11,-,-,-,-,-,-,-,-
T1006Y 富邦台灣鳳凰,2025/11,-,-,-,-,-,-,-,-
T1010Y 富邦精銳中小,2025/11,-,-,-,-,-,-,-,-
T1011Y 富邦高成長,2025/11,-,-,-,-,-,-,-,-
T1012Y 富邦科技基金,2025/11,-,-,-,-,-,-,-,-
T1017Y 富邦台灣心,2025/11,-,-,-,-,-,-,-,-
T1026Y 富邦全球不動產,2025/11,-,-,-,-,-,-,-,-
T1028Y 富邦大中華成長,2025/11,-,-,-,-,-,-,-,-
T1047A 富邦中多重資產A,2025/11,-,-,-,-,-,-,-,-
T1063A 富邦絲路多資產A,2025/11,-,-,-,-,-,-,-,-
T1080A 富邦AI多重Aa,2025/11,-,-,-,-,-,-,-,-
T1089A 富邦台高股息Aa,2025/11,-,-,-,-,-,-,-,-
T1097A 富邦台美雙星Aa,2025/11,-,-,-,-,-,-,-,-
T10A1A 富邦雙核戰Aa,2025/11,-,-,-,-,-,-,-,-
T1101Y 摩根台灣,2025/11,-,-,-,-,-,-,-,-
T1102Y 摩根台灣增長,2025/11,-,-,-,-,-,-,-,-
T1103Y 摩根新興日本,2025/11,-,-,-,-,-,-,-,-
T1104Y 摩根新興科技Aa,2025/11,-,-,-,-,-,-,-,-
T1106Y 摩根亞洲Aa,2025/11,-,-,-,-,-,-,-,-
T1108Y 摩根龍揚,2025/11,-,-,-,-,-,-,-,-
T1109Y 摩根東方科技Aa,2025/11,-,-,-,-,-,-,-,-
T1110Y 摩根大歐洲Aa,2025/11,-,-,-,-,-,-,-,-
T1111Y 摩根中小,2025/11,-,-,-,-,-,-,-,-
T1112Y 摩根價值成長,2025/11,-,-,-,-,-,-,-,-
T1114Y 摩根平衡,2025/11,-,-,-,-,-,-,-,-
T1116Y 摩根安家理財,2025/11,-,-,-,-,-,-,-,-
T1117Y 摩根全球平衡,2025/11,-,-,-,-,-,-,-,-
T1119Y 摩根全創成Aa,2025/11,-,-,-,-,-,-,-,-
T1120A 摩根亞高息平衡 A,2025/11,-,-,-,-,-,-,-,-
T1124Y 摩根絕對日本,2025/11,-,-,-,-,-,-,-,-
T1125Y 摩根新興35.Aa,2025/11,-,-,-,-,-,-,-,-
T1127Y 摩根全球發,2025/11,-,-,-,-,-,-,-,-
T1129Y 摩根新絲路,2025/11,-,-,-,-,-,-,-,-
T1130Y 摩根東方內需機會,2025/11,-,-,-,-,-,-,-,-
T1131Y 摩根金龍收成,2025/11,-,-,-,-,-,-,-,-
T1134Y 摩根中國亮點,2025/11,-,-,-,-,-,-,-,-
T1135Y 摩根台灣金磚A,2025/11,-,-,-,-,-,-,-,-
T1136Y 摩根新金磚五國,2025/11,-,-,-,-,-,-,-,-
T1142Y 摩根中國 A股Aa,2025/11,-,-,-,-,-,-,-,-
T1145A 摩根泛亞太入息 A,2025/11,-,-,-,-,-,-,-,-
T1146A 摩根多元息成長 A,2025/11,-,-,-,-,-,-,-,-
T1148A 摩根新興雙利A,2025/11,-,-,-,-,-,-,-,-
T1150A 摩根中國雙息平A,2025/11,-,-,-,-,-,-,-,-
T1155A 摩根環股收益A,2025/11,-,-,-,-,-,-,-,-
T1180A 摩根美國領先Aa,2025/11,-,-,-,-,-,-,-,-
T1201Y 華南永昌永昌,2025/11,-,-,-,-,-,-,-,-
T1203Y 華南前瞻科技,2025/11,-,-,-,-,-,-,-,-
T1207Y 華南永昌龍盈平衡,2025/11,-,-,-,-,-,-,-,-
T1217Y 華南永昌全球精品,2025/11,-,-,-,-,-,-,-,-
T1219A 華南永昌全球基 A,2025/11,-,-,-,-,-,-,-,-
T1222Y 華南永昌全球神農,2025/11,-,-,-,-,-,-,-,-
T1234A 華南永昌全科Aa,2025/11,-,-,-,-,-,-,-,-
T1238Y 華南永昌中國A 股,2025/11,-,-,-,-,-,-,-,-
T1239A 華南多重息平衡 A,2025/11,-,-,-,-,-,-,-,-
T1249Y 華南物聯網,2025/11,-,-,-,-,-,-,-,-
T1250A 華南全球物聯Aa,2025/11,-,-,-,-,-,-,-,-
T1252A 華南亞太動態平 A,2025/11,-,-,-,-,-,-,-,-
T1254Y 華南永昌策略報酬,2025/11,-,-,-,-,-,-,-,-
T1259A 華南US CAPE A,2025/11,-,-,-,-,-,-,-,-
T1263A 華南US REITs A,2025/11,-,-,-,-,-,-,-,-
T1268A 華南全球新零售,2025/11,-,-,-,-,-,-,-,-
T1270A 華南全多重資Aa,2025/11,-,-,-,-,-,-,-,-
T1274A 華南優收多重Aa,2025/11,-,-,-,-,-,-,-,-
T1276Y 華南低波多重Aa$,2025/11,-,-,-,-,-,-,-,-
T1277Y 華南WE多重Aa,2025/11,-,-,-,-,-,-,-,-
T1278A 華南實豐收組Aa,2025/11,-,-,-,-,-,-,-,-
T1282A 華南永續高股Aa,2025/11,-,-,-,-,-,-,-,-
T1284A 華南碳中和Aa,2025/11,-,-,-,-,-,-,-,-
T1287Y 華南未來科技Aa,2025/11,-,-,-,-,-,-,-,-
T1402Y 新光亞洲精選,2025/11,-,-,-,-,-,-,-,-
T1403Y 新光中國成長,2025/11,-,-,-,-,-,-,-,-
T1405Y 新光創新科技,2025/11,-,-,-,-,-,-,-,-
T1406Y 新光國建,2025/11,-,-,-,-,-,-,-,-
T1407Y 新光店頭,2025/11,-,-,-,-,-,-,-,-
T1408Y 新光大三通,2025/11,-,-,-,-,-,-,-,-
T1411Y 新光台灣富貴,2025/11,-,-,-,-,-,-,-,-
T1414Y 新光福運平衡,2025/11,-,-,-,-,-,-,-,-
T1419Y 新光兩岸優勢,2025/11,-,-,-,-,-,-,-,-
T1427A 新光全球ETF組合A,2025/11,-,-,-,-,-,-,-,-
T1430Y 新光全球生技醫療,2025/11,-,-,-,-,-,-,-,-
T1433A 新光美豐收平Aa,2025/11,-,-,-,-,-,-,-,-
T1437A 新光全平衡A,2025/11,-,-,-,-,-,-,-,-
T1438A 新光多重資產A,2025/11,-,-,-,-,-,-,-,-
T1440A 新光全AI新創Aa,2025/11,-,-,-,-,-,-,-,-
T1443A 新光全特股收Aa,2025/11,-,-,-,-,-,-,-,-
T1446A 新光全宅經濟Aa,2025/11,-,-,-,-,-,-,-,-
T1448A 新光恆生科技,2025/11,-,-,-,-,-,-,-,-
T1450A 新光臺高股息Aa,2025/11,-,-,-,-,-,-,-,-
T1451A 新光全球多重Aa,2025/11,-,-,-,-,-,-,-,-
T1501Y 瑞銀亞洲全方位不,2025/11,-,-,-,-,-,-,-,-
T1502Y 瑞銀全球創新趨勢,2025/11,-,-,-,-,-,-,-,-
T1504A 瑞銀全球生技,2025/11,-,-,-,-,-,-,-,-
T1511A 瑞銀永續組合Aa,2025/11,-,-,-,-,-,-,-,-
T1601Y 群益奧斯卡,2025/11,-,-,-,-,-,-,-,-
T1603Y 群益葛萊美,2025/11,-,-,-,-,-,-,-,-
T1604Y 群益亞太新趨勢平,2025/11,-,-,-,-,-,-,-,-
T1605Y 群益新興金鑽,2025/11,-,-,-,-,-,-,-,-
T1606A 群益全球不動產 A,2025/11,-,-,-,-,-,-,-,-
T1607Y 群益多重資產組合,2025/11,-,-,-,-,-,-,-,-
T1608Y 群益中小,2025/11,-,-,-,-,-,-,-,-
T1609Y 群益馬拉松Fa,2025/11,-,-,-,-,-,-,-,-
T1610Y 群益東方盛世,2025/11,-,-,-,-,-,-,-,-
T1611Y 群益華夏盛世,2025/11,-,-,-,-,-,-,-,-
T1612Y 群益店頭市場Fa,2025/11,-,-,-,-,-,-,-,-
T1613Y 群益長安,2025/11,-,-,-,-,-,-,-,-
T1614Y 群益創新科技Fa,2025/11,-,-,-,-,-,-,-,-
T1616Y 群益真善美,2025/11,-,-,-,-,-,-,-,-
T1617Y 群益平衡王,2025/11,-,-,-,-,-,-,-,-
T1618Y 群益安家,2025/11,-,-,-,-,-,-,-,-
T1619Y 群益印巴雙星,2025/11,-,-,-,-,-,-,-,-
T1620Y 群益亞太中小,2025/11,-,-,-,-,-,-,-,-
T1622Y 群益東協成長,2025/11,-,-,-,-,-,-,-,-
T1623Y 群益印度中小,2025/11,-,-,-,-,-,-,-,-
T1624Y 群益新興大消費基,2025/11,-,-,-,-,-,-,-,-
T1625Y 群益大中華雙力,2025/11,-,-,-,-,-,-,-,-
T1627Y 群益台股指數,2025/11,-,-,-,-,-,-,-,-
T1649A 群益全球生技,2025/11,-,-,-,-,-,-,-,-
T1650A 群益美國新創,2025/11,-,-,-,-,-,-,-,-
T1651A 群益中國新機會,2025/11,-,-,-,-,-,-,-,-
T1652A 群益工業國A,2025/11,-,-,-,-,-,-,-,-
T1655A 群益環球金綻 A,2025/11,-,-,-,-,-,-,-,-
T1656A 群益中國金采A,2025/11,-,-,-,-,-,-,-,-
T1657A 群益大印度基金,2025/11,-,-,-,-,-,-,-,-
T1658A 群益全球地產A,2025/11,-,-,-,-,-,-,-,-
T1659A 群益金選平衡A,2025/11,-,-,-,-,-,-,-,-
T1661A 群益全球特別Aa,2025/11,-,-,-,-,-,-,-,-
T1668A 群益潛多重Aa,2025/11,-,-,-,-,-,-,-,-
T1669A 群益成長退Aa,2025/11,-,-,-,-,-,-,-,-
T1670A 群益優質退Aa,2025/11,-,-,-,-,-,-,-,-
T1673A 群益電動車Aa,2025/11,-,-,-,-,-,-,-,-
T1677A 群益成長多Aa,2025/11,-,-,-,-,-,-,-,-
T1679A 群益印美戰略Aa,2025/11,-,-,-,-,-,-,-,-
T1701Y 台中銀大發Aa,2025/11,-,-,-,-,-,-,-,-
T1706Y 台中銀數位Aa,2025/11,-,-,-,-,-,-,-,-
T1712Y 台中銀中精成Aa,2025/11,-,-,-,-,-,-,-,-
T1713Y 台中銀台灣主流Aa,2025/11,-,-,-,-,-,-,-,-
T1715Y 德信新興股票組合,2025/11,-,-,-,-,-,-,-,-
T1716Y 台中銀TAROBO.Aa,2025/11,-,-,-,-,-,-,-,-
T1717A 台中銀GAMMA Aa,2025/11,-,-,-,-,-,-,-,-
T1718A 台中銀台優息Aa,2025/11,-,-,-,-,-,-,-,-
T1802Y 聯博大利,2025/11,-,-,-,-,-,-,-,-
T1808B 聯博亞太地產 B,2025/11,-,-,-,-,-,-,-,-
T1811A 聯博多元資收A2a,2025/11,-,-,-,-,-,-,-,-
T1812A 聯博亞多重A2a,2025/11,-,-,-,-,-,-,-,-
T1813A 聯博歐多重A2a,2025/11,-,-,-,-,-,-,-,-
T1817A 聯博中國 A股A2a,2025/11,-,-,-,-,-,-,-,-
T1818A 聯博美多重A2a,2025/11,-,-,-,-,-,-,-,-
T1819A 聯博美成入A2a,2025/11,-,-,-,-,-,-,-,-
T2003Y 富邦上選Aa,2025/11,-,-,-,-,-,-,-,-
T2004Y 富邦小而美Aa,2025/11,-,-,-,-,-,-,-,-
T2005Y 富邦精選五虎Aa,2025/11,-,-,-,-,-,-,-,-
T2006Y 富邦高科技Aa,2025/11,-,-,-,-,-,-,-,-
T2007Y 富邦日盛Ad,2025/11,-,-,-,-,-,-,-,-
T2011Y 富邦新台商Aa,2025/11,-,-,-,-,-,-,-,-
T2029Y 富邦亞洲機會Aa,2025/11,-,-,-,-,-,-,-,-
T2030Y 富邦首選Aa,2025/11,-,-,-,-,-,-,-,-
T2031Y 富邦全抗暖化Aa,2025/11,-,-,-,-,-,-,-,-
T2036Y 富邦MIT 主流Aa,2025/11,-,-,-,-,-,-,-,-
T2037Y 富邦中需動力Aa,2025/11,-,-,-,-,-,-,-,-
T2055A 富邦中國A股Aa,2025/11,-,-,-,-,-,-,-,-
T2062A 日盛目標收益組合,2025/11,-,-,-,-,-,-,-,-
T2064A 日盛中豐收平Aa,2025/11,-,-,-,-,-,-,-,-
T2067A 富邦全智能車Aa,2025/11,-,-,-,-,-,-,-,-
T2068A 富邦長照收益Aa,2025/11,-,-,-,-,-,-,-,-
T2069Y 富邦台灣成股Aa,2025/11,-,-,-,-,-,-,-,-
T2070A 富邦越南機會Aa,2025/11,-,-,-,-,-,-,-,-
T2073Y 富邦台灣多Aa,2025/11,-,-,-,-,-,-,-,-
T2074A 富邦全球半導Aa,2025/11,-,-,-,-,-,-,-,-
T2075Y 富邦台灣優質Aa,2025/11,-,-,-,-,-,-,-,-
T2101Y 柏瑞巨人 A,2025/11,-,-,-,-,-,-,-,-
T2103Y 柏瑞全球平衡組合,2025/11,-,-,-,-,-,-,-,-
T2104Y 柏瑞全球成長組合,2025/11,-,-,-,-,-,-,-,-
T2106Y 柏瑞全球金牌組合,2025/11,-,-,-,-,-,-,-,-
T2107Y 柏瑞拉丁美洲,2025/11,-,-,-,-,-,-,-,-
T2109A 柏瑞亞太高股息 A,2025/11,-,-,-,-,-,-,-,-
T2114Y 柏瑞五國金勢力建,2025/11,-,-,-,-,-,-,-,-
T2120Y 柏瑞亞洲亮點股A,2025/11,-,-,-,-,-,-,-,-
T2121A 柏瑞中國平衡A,2025/11,-,-,-,-,-,-,-,-
T2123A 柏瑞環多元產 A,2025/11,-,-,-,-,-,-,-,-
T2124A 柏瑞特股收Aa,2025/11,-,-,-,-,-,-,-,-
T2125A 柏瑞多重特Aa,2025/11,-,-,-,-,-,-,-,-
T2128A 柏瑞中A精選Aa,2025/11,-,-,-,-,-,-,-,-
T2131A 柏瑞新動多重Aa,2025/11,-,-,-,-,-,-,-,-
T2133A 柏瑞ESG多重Aa,2025/11,-,-,-,-,-,-,-,-
T2135A 柏瑞ESG量股Aa,2025/11,-,-,-,-,-,-,-,-
T2136A 柏瑞趨勢多重Aa,2025/11,-,-,-,-,-,-,-,-
T2137A 柏瑞ESG減碳Aa,2025/11,-,-,-,-,-,-,-,-
T2138A 柏瑞利率對策Aa,2025/11,-,-,-,-,-,-,-,-
T2139A 柏瑞科技多重Aa,2025/11,-,-,-,-,-,-,-,-
T2140A 柏瑞日本Aa,2025/11,-,-,-,-,-,-,-,-
T2201A 復華全球資產證 A,2025/11,-,-,-,-,-,-,-,-
T2202Y 復華奧林全優組 A,2025/11,-,-,-,-,-,-,-,-
T2203Y 復華基金,2025/11,-,-,-,-,-,-,-,-
T2205Y FH高成,2025/11,-,-,-,-,-,-,-,-
T2206Y 復華傳家,2025/11,-,-,-,-,-,-,-,-
T2208Y FH數位,2025/11,-,-,-,-,-,-,-,-
T2209Y 復華傳家二號,2025/11,-,-,-,-,-,-,-,-
T2210Y FH中小,2025/11,-,-,-,-,-,-,-,-
T2212Y 復華人生目標,2025/11,-,-,-,-,-,-,-,-
T2213Y 復華全球平衡,2025/11,-,-,-,-,-,-,-,-
T2214Y 復華神盾,2025/11,-,-,-,-,-,-,-,-
T2215Y 復華奧林匹克全球,2025/11,-,-,-,-,-,-,-,-
T2216Y 復華全方位,2025/11,-,-,-,-,-,-,-,-
T2217Y 復華亞太平衡,2025/11,-,-,-,-,-,-,-,-
T2219Y 復華亞太成長,2025/11,-,-,-,-,-,-,-,-
T2252Y 復華全球大趨勢,2025/11,-,-,-,-,-,-,-,-
T2260Y 復華華人世紀,2025/11,-,-,-,-,-,-,-,-
T2265Y 復華高益策略組合,2025/11,-,-,-,-,-,-,-,-
T2269Y 復華全球原物料,2025/11,-,-,-,-,-,-,-,-
T2270Y 復華新興債股動力,2025/11,-,-,-,-,-,-,-,-
T2271Y 復華大中華中小策,2025/11,-,-,-,-,-,-,-,-
T2278Y 復華東協世紀,2025/11,-,-,-,-,-,-,-,-
T2286Y 復華全球消費基金,2025/11,-,-,-,-,-,-,-,-
T2287Y 復華美國新星基金,2025/11,-,-,-,-,-,-,-,-
T2289Y 復華全球戰略配置,2025/11,-,-,-,-,-,-,-,-
T2291A 復華中新經濟平衡,2025/11,-,-,-,-,-,-,-,-
T2292A 復華中新經濟A 股,2025/11,-,-,-,-,-,-,-,-
T2294A 復華全物聯科技,2025/11,-,-,-,-,-,-,-,-
T2295Y 復華台灣智能基金,2025/11,-,-,-,-,-,-,-,-
T2298A 復華亞太神龍,2025/11,-,-,-,-,-,-,-,-
T22A8A 復華已開300股Aa,2025/11,-,-,-,-,-,-,-,-
T22B5Y 復華美標500 Aa,2025/11,-,-,-,-,-,-,-,-
T22C2Y 復華台灣好收益Bd,2025/11,-,-,-,-,-,-,-,-
T22C8A 復華台科技高息Aa,2025/11,-,-,-,-,-,-,-,-
T2501Y 永豐永豐Aa,2025/11,-,-,-,-,-,-,-,-
T2503Y 永豐高科技,2025/11,-,-,-,-,-,-,-,-
T2506Y 永豐中小Aa,2025/11,-,-,-,-,-,-,-,-
T2507Y 永豐趨勢平衡,2025/11,-,-,-,-,-,-,-,-
T2509Y 永豐全球平衡組合,2025/11,-,-,-,-,-,-,-,-
T2520Y 永豐領航科技,2025/11,-,-,-,-,-,-,-,-
T2527Y 永豐主流品牌,2025/11,-,-,-,-,-,-,-,-
T2530Y 永豐大中華,2025/11,-,-,-,-,-,-,-,-
T2531Y 永豐亞洲民生消費,2025/11,-,-,-,-,-,-,-,-
T2539Y 永豐中國經建,2025/11,-,-,-,-,-,-,-,-
T2545Y 永豐滬深300紅利,2025/11,-,-,-,-,-,-,-,-
T2558A 永豐歐洲50指數,2025/11,-,-,-,-,-,-,-,-
T2560A 永豐標普紅利,2025/11,-,-,-,-,-,-,-,-
T2562A 永豐標普東南亞,2025/11,-,-,-,-,-,-,-,-
T2566A 永豐全多元入息A,2025/11,-,-,-,-,-,-,-,-
T2578A 永豐臺ESG永優Aa,2025/11,-,-,-,-,-,-,-,-
T2589A 永豐 ESG建設Aa,2025/11,-,-,-,-,-,-,-,-
T25C2A 永豐醫療多Aa,2025/11,-,-,-,-,-,-,-,-
T2605Y 中國信託精穩,2025/11,-,-,-,-,-,-,-,-
T2618Y 中信台灣優勢基金,2025/11,-,-,-,-,-,-,-,-
T2620Y 中信台灣活力A,2025/11,-,-,-,-,-,-,-,-
T2622A 中信 ESG碳多Aa,2025/11,-,-,-,-,-,-,-,-
T2623A 中信ESG金融Aa,2025/11,-,-,-,-,-,-,-,-
T2624A 中信入息平衡A,2025/11,-,-,-,-,-,-,-,-
T2625A 中信成長轉機Aa,2025/11,-,-,-,-,-,-,-,-
T2627A 中信全球股票息 A,2025/11,-,-,-,-,-,-,-,-
T2628A 中信聚焦成長Aa,2025/11,-,-,-,-,-,-,-,-
T2630A 中信亞太多元息A,2025/11,-,-,-,-,-,-,-,-
T2633A 中信全球不動收A,2025/11,-,-,-,-,-,-,-,-
T2639A 中信樂齡收平Aa,2025/11,-,-,-,-,-,-,-,-
T2654A 中國信託運動,2025/11,-,-,-,-,-,-,-,-
T2662A 中信智城市建設A,2025/11,-,-,-,-,-,-,-,-
T2683A 中信亞實多重Aa,2025/11,-,-,-,-,-,-,-,-
T2691A 中信越南機會Aa,2025/11,-,-,-,-,-,-,-,-
T2693A 中信科技多Aa,2025/11,-,-,-,-,-,-,-,-
T2701Y 宏利臺灣股息Aa,2025/11,-,-,-,-,-,-,-,-
T2703Y 宏利台灣動力Aa,2025/11,-,-,-,-,-,-,-,-
T2723Y 宏利精選中華,2025/11,-,-,-,-,-,-,-,-
T2726Y 宏利亞太中小企業,2025/11,-,-,-,-,-,-,-,-
T2740A 宏利全入息組合A,2025/11,-,-,-,-,-,-,-,-
T2751A 宏亞澳入息成平A,2025/11,-,-,-,-,-,-,-,-
T2753A 宏利好利退Aa,2025/11,-,-,-,-,-,-,-,-
T2754A 宏利豐利退Aa,2025/11,-,-,-,-,-,-,-,-
T2755A 宏利富利退Aa,2025/11,-,-,-,-,-,-,-,-
T2757A 宏利實質多重Aa,2025/11,-,-,-,-,-,-,-,-
T2758A 宏利亞收益多Aa,2025/11,-,-,-,-,-,-,-,-
T2759A 宏利全球科技Aa,2025/11,-,-,-,-,-,-,-,-
T2760A 宏利數位設施Aa,2025/11,-,-,-,-,-,-,-,-
T2776Y 宏利全球動力股票,2025/11,-,-,-,-,-,-,-,-
T2780A 宏利美銀行機Aa,2025/11,-,-,-,-,-,-,-,-
T2783A 宏利特股息收Aa,2025/11,-,-,-,-,-,-,-,-
T2903Y 國泰高科技,2025/11,-,-,-,-,-,-,-,-
T3101Y 貝萊德寶利基金,2025/11,-,-,-,-,-,-,-,-
T3112Y 貝萊德亞美利收益,2025/11,-,-,-,-,-,-,-,-
T3114A 貝萊德亞數據A,2025/11,-,-,-,-,-,-,-,-
T3115A 貝萊多因子 ETF組,2025/11,-,-,-,-,-,-,-,-
T3116A 貝萊德資產收組A,2025/11,-,-,-,-,-,-,-,-
T3117Y 貝萊德目標2030組,2025/11,-,-,-,-,-,-,-,-
T3118Y 貝萊德目標2040組,2025/11,-,-,-,-,-,-,-,-
T3119Y 貝萊2050組合Aa,2025/11,-,-,-,-,-,-,-,-
T3120A 貝萊動趨勢組Aa,2025/11,-,-,-,-,-,-,-,-
T3201Y 野村優質,2025/11,-,-,-,-,-,-,-,-
T3203Y 野村成長,2025/11,-,-,-,-,-,-,-,-
T3204Y 野村平衡,2025/11,-,-,-,-,-,-,-,-
T3205Y 野村e 科技,2025/11,-,-,-,-,-,-,-,-
T3207Y 野村中小,2025/11,-,-,-,-,-,-,-,-
T3208Y 野村全球品牌Aa,2025/11,-,-,-,-,-,-,-,-
T3209A 野村全球高股息 A,2025/11,-,-,-,-,-,-,-,-
T3211Y 野村鑫平衡組,2025/11,-,-,-,-,-,-,-,-
T3213A 野村歐洲高股息 A,2025/11,-,-,-,-,-,-,-,-
T3214A 野村全球不動產 A,2025/11,-,-,-,-,-,-,-,-
T3217A 野村亞太高股息 A,2025/11,-,-,-,-,-,-,-,-
T3218Y 野村台灣運籌,2025/11,-,-,-,-,-,-,-,-
T3219Y 野村鴻運,2025/11,-,-,-,-,-,-,-,-
T3220Y 野村環球,2025/11,-,-,-,-,-,-,-,-
T3221Y 野村鴻利,2025/11,-,-,-,-,-,-,-,-
T3223Y 野村積極成長,2025/11,-,-,-,-,-,-,-,-
T3224Y 野村新馬,2025/11,-,-,-,-,-,-,-,-
T3226Y 野村日本,2025/11,-,-,-,-,-,-,-,-
T3227Y 野村泰國,2025/11,-,-,-,-,-,-,-,-
T3228Y 野村高科技,2025/11,-,-,-,-,-,-,-,-
T3236Y 野村台高股息,2025/11,-,-,-,-,-,-,-,-
T3237Y 野村全球生技醫療,2025/11,-,-,-,-,-,-,-,-
T3244Y 野村全球氣候變遷,2025/11,-,-,-,-,-,-,-,-
T3245Y 野村中東非洲,2025/11,-,-,-,-,-,-,-,-
T3246Y 野村大俄羅斯,2025/11,-,-,-,-,-,-,-,-
T3248Y 野村中國機會Aa,2025/11,-,-,-,-,-,-,-,-
T3251Y 野村巴西,2025/11,-,-,-,-,-,-,-,-
T3254Y 野村印度潛力,2025/11,-,-,-,-,-,-,-,-
T3255Y 野村印尼潛力,2025/11,-,-,-,-,-,-,-,-
T3267A 野村歐洲中小成,2025/11,-,-,-,-,-,-,-,-
T3276A 野村動態多重A,2025/11,-,-,-,-,-,-,-,-
T3293Y 野村日本領先基金,2025/11,-,-,-,-,-,-,-,-
T3295A 野村多收多重Aa,2025/11,-,-,-,-,-,-,-,-
T32A3A 野村核心多重資,2025/11,-,-,-,-,-,-,-,-
T32B6A 野村亞太收多重A,2025/11,-,-,-,-,-,-,-,-
T32S3A 野村全正效成Aa,2025/11,-,-,-,-,-,-,-,-
T32T4A 野村全基礎建Aa,2025/11,-,-,-,-,-,-,-,-
T32U5A 野村時機多重Aa,2025/11,-,-,-,-,-,-,-,-
T32V5A 野村轉機多重Aa,2025/11,-,-,-,-,-,-,-,-
T32X1A 野村科技多重Aa,2025/11,-,-,-,-,-,-,-,-
T32Y6A 野村天候組合Aa,2025/11,-,-,-,-,-,-,-,-
T3303Y 聯邦精選科技Aa,2025/11,-,-,-,-,-,-,-,-
T3305Y 聯邦中國龍Aa,2025/11,-,-,-,-,-,-,-,-
T3308Y 聯邦金鑽平衡Aa,2025/11,-,-,-,-,-,-,-,-
T3328A 聯邦太平洋平Aa,2025/11,-,-,-,-,-,-,-,-
T3330A 聯邦全多ETF組,2025/11,-,-,-,-,-,-,-,-
T3341A 聯邦全視界平衡A,2025/11,-,-,-,-,-,-,-,-
T3342A 聯邦全高息策A,2025/11,-,-,-,-,-,-,-,-
T3343A 聯邦前瞻六脈A,2025/11,-,-,-,-,-,-,-,-
T3347A 聯邦高策多重Aa,2025/11,-,-,-,-,-,-,-,-
T3349A 聯邦低碳多重Aa,2025/11,-,-,-,-,-,-,-,-
T3350A 聯邦民生建設Aa,2025/11,-,-,-,-,-,-,-,-
T3351A 聯邦臺益多重Aa,2025/11,-,-,-,-,-,-,-,-
T3501Y 鋒裕匯理阿波羅Aa,2025/11,-,-,-,-,-,-,-,-
T3510Y 未來閣來寶全球組,2025/11,-,-,-,-,-,-,-,-
T3514A 未來亞太不動產 A,2025/11,-,-,-,-,-,-,-,-
T3515Y 未來台灣新趨勢,2025/11,-,-,-,-,-,-,-,-
T3518Y 鋒裕匯理亞新富Aa,2025/11,-,-,-,-,-,-,-,-
T3521Y 未來資全球大消費,2025/11,-,-,-,-,-,-,-,-
T3523A 東方實收多重A2a,2025/11,-,-,-,-,-,-,-,-
T3529A 東方醫療科技A2a,2025/11,-,-,-,-,-,-,-,-
T3530A 東方創新多重A2a,2025/11,-,-,-,-,-,-,-,-
T3532A 東方CIO收益A2a,2025/11,-,-,-,-,-,-,-,-
T3533A 東方CIO精選A2a,2025/11,-,-,-,-,-,-,-,-
T3534A 東方CIO均衡A2a,2025/11,-,-,-,-,-,-,-,-
T3601Y 安聯台灣大壩Aa,2025/11,-,-,-,-,-,-,-,-
T3604Y 安聯台灣科技,2025/11,-,-,-,-,-,-,-,-
T3605Y 安聯全球生技趨勢,2025/11,-,-,-,-,-,-,-,-
T3608Y 安聯亞洲動態,2025/11,-,-,-,-,-,-,-,-
T3610Y 安聯全球新興,2025/11,-,-,-,-,-,-,-,-
T3614Y 安聯全球計量,2025/11,-,-,-,-,-,-,-,-
T3615Y 安聯綠能趨勢Aa,2025/11,-,-,-,-,-,-,-,-
T3617Y 安聯全球多投Aa,2025/11,-,-,-,-,-,-,-,-
T3618Y 安聯全球農金,2025/11,-,-,-,-,-,-,-,-
T3619Y 安聯台灣智慧,2025/11,-,-,-,-,-,-,-,-
T3621Y 安聯中國策略Aa,2025/11,-,-,-,-,-,-,-,-
T3622Y 安聯全球油礦,2025/11,-,-,-,-,-,-,-,-
T3623Y 安聯中國東協,2025/11,-,-,-,-,-,-,-,-
T3624Y 安聯亞洲小型企業,2025/11,-,-,-,-,-,-,-,-
T3627A 安聯四雙收息Aa,2025/11,-,-,-,-,-,-,-,-
T3628A 安聯四季成長Aa,2025/11,-,-,-,-,-,-,-,-
T3629A 安聯目標 A,2025/11,-,-,-,-,-,-,-,-
T3631A 安聯中新思路,2025/11,-,-,-,-,-,-,-,-
T3632A 安聯目標多元息A,2025/11,-,-,-,-,-,-,-,-
T3633A 安聯DMAS核心組,2025/11,-,-,-,-,-,-,-,-
T3634A 安聯DMAS 50組合,2025/11,-,-,-,-,-,-,-,-
T3635A 安聯收成多重Aa,2025/11,-,-,-,-,-,-,-,-
T3637A 安聯特多重Aa,2025/11,-,-,-,-,-,-,-,-
T3640A 安聯AI多重Aa,2025/11,-,-,-,-,-,-,-,-
T3701Y 國泰國泰A,2025/11,-,-,-,-,-,-,-,-
T3703Y 國泰中小成長,2025/11,-,-,-,-,-,-,-,-
T3704Y 國泰平衡,2025/11,-,-,-,-,-,-,-,-
T3706Y 國泰大中華,2025/11,-,-,-,-,-,-,-,-
T3707Y 國泰科技生化,2025/11,-,-,-,-,-,-,-,-
T3714Y 國泰小龍Aa,2025/11,-,-,-,-,-,-,-,-
T3715Y 國泰全球積極Aa,2025/11,-,-,-,-,-,-,-,-
T3716Y 國泰全球穩健組合,2025/11,-,-,-,-,-,-,-,-
T3720Y 國泰全球基礎建設,2025/11,-,-,-,-,-,-,-,-
T3722Y 國泰台灣計量,2025/11,-,-,-,-,-,-,-,-
T3723Y 國泰全球環保趨勢,2025/11,-,-,-,-,-,-,-,-
T3726Y 國泰中港台,2025/11,-,-,-,-,-,-,-,-
T3728Y 國泰新興市,2025/11,-,-,-,-,-,-,-,-
T3729Y 國泰全球資源,2025/11,-,-,-,-,-,-,-,-
T3731Y 國泰中國內需增長,2025/11,-,-,-,-,-,-,-,-
T3734Y 國泰中國新興戰略,2025/11,-,-,-,-,-,-,-,-
T3735Y 國泰價值卓越,2025/11,-,-,-,-,-,-,-,-
T3743A 國泰全多重平Aa,2025/11,-,-,-,-,-,-,-,-
T3745A 國泰亞洲成長Aa,2025/11,-,-,-,-,-,-,-,-
T3767A 國泰歐洲精選基金,2025/11,-,-,-,-,-,-,-,-
T3769A 國泰亞太息平衡A,2025/11,-,-,-,-,-,-,-,-
T3771A 國泰全球高股息,2025/11,-,-,-,-,-,-,-,-
T3772A 國泰 ETF成長組,2025/11,-,-,-,-,-,-,-,-
T3773A 國泰 ETF均衡組A,2025/11,-,-,-,-,-,-,-,-
T3776A 國泰中新時代平,2025/11,-,-,-,-,-,-,-,-
T3779A 國泰2029組合Aa,2025/11,-,-,-,-,-,-,-,-
T3780A 國泰2039組合Aa,2025/11,-,-,-,-,-,-,-,-
T3781A 國泰2049組合Aa,2025/11,-,-,-,-,-,-,-,-
T3782A 國泰美多重收Aa,2025/11,-,-,-,-,-,-,-,-
T3786A 國泰台灣高息Aa,2025/11,-,-,-,-,-,-,-,-
T3788A 國泰美國 ESG,2025/11,-,-,-,-,-,-,-,-
T3801Y 富達卓越領航全球,2025/11,-,-,-,-,-,-,-,-
T3803Y 富達台灣成長,2025/11,-,-,-,-,-,-,-,-
T3809A 富達全多重組Aa,2025/11,-,-,-,-,-,-,-,-
T3810A 富達通訊多重Aa,2025/11,-,-,-,-,-,-,-,-
T3811A 富達智醫多重Aa,2025/11,-,-,-,-,-,-,-,-
T3812A 富達永減碳多Aa,2025/11,-,-,-,-,-,-,-,-
T3813A 富達永續股票Aa,2025/11,-,-,-,-,-,-,-,-
T4001Y 德銀DWS 台旗艦,2025/11,-,-,-,-,-,-,-,-
T4003Y 德銀遠東DWS 科技,2025/11,-,-,-,-,-,-,-,-
T4006Y 德銀DWS 原物料,2025/11,-,-,-,-,-,-,-,-
T4009A 德銀遠東DWS 多 A,2025/11,-,-,-,-,-,-,-,-
T4011Y 德銀DWS 全球神農,2025/11,-,-,-,-,-,-,-,-
T4014A 德銀全球生技創新,2025/11,-,-,-,-,-,-,-,-
T4101Y 凱基開創,2025/11,-,-,-,-,-,-,-,-
T4103Y 凱基台商天下,2025/11,-,-,-,-,-,-,-,-
T4105Y 凱基亞洲四金磚,2025/11,-,-,-,-,-,-,-,-
T4112Y 凱基台灣精五門,2025/11,-,-,-,-,-,-,-,-
T4114Y 凱基新興趨勢 ETF,2025/11,-,-,-,-,-,-,-,-
T4115Y 凱基資源國,2025/11,-,-,-,-,-,-,-,-
T4117Y 凱基新興中小,2025/11,-,-,-,-,-,-,-,-
T4119Y 凱基雲端趨勢,2025/11,-,-,-,-,-,-,-,-
T4122Y 凱基亞太高股息,2025/11,-,-,-,-,-,-,-,-
T4123A 凱基護城河基金,2025/11,-,-,-,-,-,-,-,-
T4124A 凱基亞護城河,2025/11,-,-,-,-,-,-,-,-
T4125A 凱基銀髮商機,2025/11,-,-,-,-,-,-,-,-
T4126A 凱基全高效平衡A,2025/11,-,-,-,-,-,-,-,-
T4127A 凱基醫院長照Aa,2025/11,-,-,-,-,-,-,-,-
T4133Y 凱基臺灣多重Aa,2025/11,-,-,-,-,-,-,-,-
T4134A 凱基收多重Aa,2025/11,-,-,-,-,-,-,-,-
T4139A 凱基未來多重Aa,2025/11,-,-,-,-,-,-,-,-
T4140A 凱基環球趨勢Aa,2025/11,-,-,-,-,-,-,-,-
T4144A 凱基未來移動Aa,2025/11,-,-,-,-,-,-,-,-
T4145A 凱基樂活多重Aa,2025/11,-,-,-,-,-,-,-,-
T4146A 凱基收息多重Aa,2025/11,-,-,-,-,-,-,-,-
T4209Y 施羅德台樂活Aa,2025/11,-,-,-,-,-,-,-,-
T4234A 施羅德週多重Aa,2025/11,-,-,-,-,-,-,-,-
T4235A 施羅德週收多Aa,2025/11,-,-,-,-,-,-,-,-
T4236A 施羅週動多組Aa$,2025/11,-,-,-,-,-,-,-,-
T4237A 施羅德美成多Aa,2025/11,-,-,-,-,-,-,-,-
T4238A 施台美雙多Aa,2025/11,-,-,-,-,-,-,-,-
T4301Y 街口台灣Aa,2025/11,-,-,-,-,-,-,-,-
T4303Y 街口中小型Aa,2025/11,-,-,-,-,-,-,-,-
T4309Y 華頓全球黑鑽油源,2025/11,-,-,-,-,-,-,-,-
T4314Y 街口全時精品Aa,2025/11,-,-,-,-,-,-,-,-
T4332Y 街口中國機平Aa,2025/11,-,-,-,-,-,-,-,-
T4340Y 街口多重資產Aa,2025/11,-,-,-,-,-,-,-,-
T4404Y 安本標準兩岸價值,2025/11,-,-,-,-,-,-,-,-
T4406A 惠理康和ETF組A,2025/11,-,-,-,-,-,-,-,-
T4407A 宏利360多重Aa,2025/11,-,-,-,-,-,-,-,-
T4409A 安本360動入息Aa,2025/11,-,-,-,-,-,-,-,-
T4501Y 富蘭坦全股Aa,2025/11,-,-,-,-,-,-,-,-
T4502Y 富蘭克林華美第一,2025/11,-,-,-,-,-,-,-,-
T4504Y 富蘭新世界股Aa,2025/11,-,-,-,-,-,-,-,-
T4505Y 富蘭克林華美中華,2025/11,-,-,-,-,-,-,-,-
T4506Y 富蘭天然資源組合,2025/11,-,-,-,-,-,-,-,-
T4507Y 富蘭新興市場股組,2025/11,-,-,-,-,-,-,-,-
T4509Y 富蘭克林中國消費,2025/11,-,-,-,-,-,-,-,-
T4510Y 富蘭克林高科技,2025/11,-,-,-,-,-,-,-,-
T4511Y 富蘭克林華美傳產,2025/11,-,-,-,-,-,-,-,-
T4515Y 富蘭克林中國 A股,2025/11,-,-,-,-,-,-,-,-
T4517A 富蘭克林全球成長,2025/11,-,-,-,-,-,-,-,-
T4518A 富蘭克林多重收A,2025/11,-,-,-,-,-,-,-,-
T4519A 富蘭亞太平衡A,2025/11,-,-,-,-,-,-,-,-
T4521A 富蘭美高股息A,2025/11,-,-,-,-,-,-,-,-
T4523A 富蘭2027組Aa,2025/11,-,-,-,-,-,-,-,-
T4524A 富蘭2037組Aa,2025/11,-,-,-,-,-,-,-,-
T4525A 富蘭2047組Aa,2025/11,-,-,-,-,-,-,-,-
T4526A 富蘭全球醫療Aa,2025/11,-,-,-,-,-,-,-,-
T4527A 富蘭華美特收A,2025/11,-,-,-,-,-,-,-,-
T4530A 富蘭AI新科技Aa,2025/11,-,-,-,-,-,-,-,-
T4532A 富蘭克林生技Aa,2025/11,-,-,-,-,-,-,-,-
T4533A 富蘭基礎建設Aa,2025/11,-,-,-,-,-,-,-,-
T4703Y 台新高息平衡Aa,2025/11,-,-,-,-,-,-,-,-
T4706Y 台新主流,2025/11,-,-,-,-,-,-,-,-
T4711Y 台新中國精中小,2025/11,-,-,-,-,-,-,-,-
T4712Y 台新台灣中小基金,2025/11,-,-,-,-,-,-,-,-
T4714Y 台新中國通,2025/11,-,-,-,-,-,-,-,-
T4717Y 台新北美收益Aa,2025/11,-,-,-,-,-,-,-,-
T4720Y 台新2000高科Aa,2025/11,-,-,-,-,-,-,-,-
T4737Y 台新新興市場機會,2025/11,-,-,-,-,-,-,-,-
T4738Y 台新拉丁美洲基金,2025/11,-,-,-,-,-,-,-,-
T4739Y 台新印度,2025/11,-,-,-,-,-,-,-,-
T4746Y 台新環球資源指數,2025/11,-,-,-,-,-,-,-,-
T4750Y 台新中証消指Aa,2025/11,-,-,-,-,-,-,-,-
T4752A 台新全不動產息 A,2025/11,-,-,-,-,-,-,-,-
T4753A 台新多元資組合A,2025/11,-,-,-,-,-,-,-,-
T4754A 台新歐洲動平衡,2025/11,-,-,-,-,-,-,-,-
T4758A 台新智慧生活Aa,2025/11,-,-,-,-,-,-,-,-
T4769A 台新 ESG地球Aa,2025/11,-,-,-,-,-,-,-,-
T4770A 台新中國趨勢Aa,2025/11,-,-,-,-,-,-,-,-
T4773A 台新醫療趨勢Aa,2025/11,-,-,-,-,-,-,-,-
T4775A 台新半導體Aa,2025/11,-,-,-,-,-,-,-,-
T4776A 台新收益領航Aa,2025/11,-,-,-,-,-,-,-,-
T4801Y 合庫台灣Aa,2025/11,-,-,-,-,-,-,-,-
T4805Y 合庫全球新興市場,2025/11,-,-,-,-,-,-,-,-
T4808A 合庫全球高股息A,2025/11,-,-,-,-,-,-,-,-
T4809A 合庫多元息組合A,2025/11,-,-,-,-,-,-,-,-
T4810A 合庫SP利變特Aa,2025/11,-,-,-,-,-,-,-,-
T4812A 合庫AI車聯網Aa,2025/11,-,-,-,-,-,-,-,-
T4816Y 合庫台高科技Aa,2025/11,-,-,-,-,-,-,-,-
T4819A 合庫樂ESG穩健Aa,2025/11,-,-,-,-,-,-,-,-
T4820A 合庫樂ESG積極Aa,2025/11,-,-,-,-,-,-,-,-
T4821A 合庫全醫照多Aa,2025/11,-,-,-,-,-,-,-,-
T4822A 合庫環境社會Aa,2025/11,-,-,-,-,-,-,-,-
T4823A 合庫2032多重Aa,2025/11,-,-,-,-,-,-,-,-
T4824A 合庫基礎建設Aa,2025/11,-,-,-,-,-,-,-,-
T4827A 合庫息優多重Aa,2025/11,-,-,-,-,-,-,-,-
T4828A 合庫AI多重Aa,2025/11,-,-,-,-,-,-,-,-
T4829A 合庫核心趨勢Aa,2025/11,-,-,-,-,-,-,-,-
T4902Y 大華臺Smart Beta,2025/11,-,-,-,-,-,-,-,-
T4903Y 大華銀多特收Aa,2025/11,-,-,-,-,-,-,-,-
T4908A 大華SGP房收Aa,2025/11,-,-,-,-,-,-,-,-
T5001A 路博邁台5G股TAa,2025/11,-,-,-,-,-,-,-,-
T5003A 路博邁成多重Ta,2025/11,-,-,-,-,-,-,-,-
T5004A 路博邁5G股票Ta,2025/11,-,-,-,-,-,-,-,-
T5008A 路博顛覆創股Ta,2025/11,-,-,-,-,-,-,-,-
T5010A 路博ESG平衡Ta,2025/11,-,-,-,-,-,-,-,-
T5011A 路博邁台雙星TAa,2025/11,-,-,-,-,-,-,-,-
TC03 台灣工銀科技,2025/11,-,-,-,-,-,-,-,-
TC06 大眾精湛,2025/11,-,-,-,-,-,-,-,-
TC07 大眾創業家,2025/11,-,-,-,-,-,-,-,-
TC08 大眾優質平衡,2025/11,-,-,-,-,-,-,-,-
TC12 台灣工銀精選25,2025/11,-,-,-,-,-,-,-,-
TC13 台灣工銀全球平組,2025/11,-,-,-,-,-,-,-,-
TC17 台灣工銀8899成長,2025/11,-,-,-,-,-,-,-,-
TC21 盛華6666平衡,2025/11,-,-,-,-,-,-,-,-
TC22 台灣工銀優質全球,2025/11,-,-,-,-,-,-,-,-
TI04 匯達寶櫃,2025/11,-,-,-,-,-,-,-,-
TI05 金鼎精銳,2025/11,-,-,-,-,-,-,-,-
TI07 匯達行動,2025/11,-,-,-,-,-,-,-,-
TI09 金鼎科技金融,2025/11,-,-,-,-,-,-,-,-
TI11 匯達首選平衡,2025/11,-,-,-,-,-,-,-,-
TI12 金鼎美國,2025/11,-,-,-,-,-,-,-,-
TI13 金鼎全球雙贏,2025/11,-,-,-,-,-,-,-,-
TI14 金鼎鼎盈,2025/11,-,-,-,-,-,-,-,-
TI15 金鼎雙高,2025/11,-,-,-,-,-,-,-,-
TI16 匯達亞洲雙利,2025/11,-,-,-,-,-,-,-,-
TR01 傳山永豐,2025/11,-,-,-,-,-,-,-,-
TR05 傳山永盛,2025/11,-,-,-,-,-,-,-,-
TR06 傳山平衡,2025/11,-,-,-,-,-,-,-,-
TS02 新光台灣永發,2025/11,-,-,-,-,-,-,-,-
TS03 台灣蓮華,2025/11,-,-,-,-,-,-,-,-
TS04 新光日本精選,2025/11,-,-,-,-,-,-,-,-
TS07 新光競臻笠,2025/11,-,-,-,-,-,-,-,-
TS12 新光寶典30,2025/11,-,-,-,-,-,-,-,-
TS13 新光摩天,2025/11,-,-,-,-,-,-,-,-
TS14 新光新興中小,2025/11,-,-,-,-,-,-,-,-
TS16 新光千里馬,2025/11,-,-,-,-,-,-,-,-
TS20 新光全球冠軍組合,2025/11,-,-,-,-,-,-,-,-
TS22 新光策略平衡,2025/11,-,-,-,-,-,-,-,-
TS24 新光策略二號平衡,2025/11,-,-,-,-,-,-,-,-
TS25 新光健康平安,2025/11,-,-,-,-,-,-,-,-
TS28 新光全球首選組合,2025/11,-,-,-,-,-,-,-,-
TS29 新光優勢科技,2025/11,-,-,-,-,-,-,-,-
TS31 新光全球可轉債,2025/11,-,-,-,-,-,-,-,-
TS32 新光全球高股息 A,2025/11,-,-,-,-,-,-,-,-
TS33 新光多重計量,2025/11,-,-,-,-,-,-,-,-
TS36 新光新興星鑽,2025/11,-,-,-,-,-,-,-,-
TS38 新光傳產優勢,2025/11,-,-,-,-,-,-,-,-
TS39 新光增長收益,2025/11,-,-,-,-,-,-,-,-
TS40 新光靈活增益 100,2025/11,-,-,-,-,-,-,-,-
TS41 新光多元收益組合,2025/11,-,-,-,-,-,-,-,-
TT01 台新台新,2025/11,-,-,-,-,-,-,-,-
TT04 台新科技,2025/11,-,-,-,-,-,-,-,-
TT05 台新全球 ETF組合,2025/11,-,-,-,-,-,-,-,-
TT07 台新全球不動產 A,2025/11,-,-,-,-,-,-,-,-
TT09 台新大中華,2025/11,-,-,-,-,-,-,-,-
TT17 台新金鑽平衡,2025/11,-,-,-,-,-,-,-,-
TT18 台新全球增長組合,2025/11,-,-,-,-,-,-,-,-
TT20 台灣工銀新台灣,2025/11,-,-,-,-,-,-,-,-
TT24 台灣工銀全球多 A,2025/11,-,-,-,-,-,-,-,-
TT26 台新中印越概念,2025/11,-,-,-,-,-,-,-,-
TT32 台新世界礦業指數,2025/11,-,-,-,-,-,-,-,-
UI01 聯邦價值,2025/11,-,-,-,-,-,-,-,-
UI04 聯邦雙利,2025/11,-,-,-,-,-,-,-,-
UI07 聯邦台灣創新,2025/11,-,-,-,-,-,-,-,-
UI09 聯邦全球組合,2025/11,-,-,-,-,-,-,-,-
UN02 瑞銀強勢,2025/11,-,-,-,-,-,-,-,-
UN03 寶泰先進科技,2025/11,-,-,-,-,-,-,-,-
UN06 瑞銀鐵木真,2025/11,-,-,-,-,-,-,-,-
UN07 瑞銀雅典娜,2025/11,-,-,-,-,-,-,-,-
UN08 瑞銀袋鼠平衡,2025/11,-,-,-,-,-,-,-,-
UN10 瑞銀玉寶全球科技,2025/11,-,-,-,-,-,-,-,-
UN11 瑞銀盈穩,2025/11,-,-,-,-,-,-,-,-
YC01 華南永昌昌隆,2025/11,-,-,-,-,-,-,-,-
YC04 永昌店頭,2025/11,-,-,-,-,-,-,-,-
YC07 華南永昌新銳星,2025/11,-,-,-,-,-,-,-,-
YC11 華南永昌台商世紀,2025/11,-,-,-,-,-,-,-,-
YC12 華南永昌鶴喜平衡,2025/11,-,-,-,-,-,-,-,-
YC14 華南永昌全球平衡,2025/11,-,-,-,-,-,-,-,-
YC21 華南永昌愛台灣,2025/11,-,-,-,-,-,-,-,-
YC22 華南永昌台灣精選,2025/11,-,-,-,-,-,-,-,-
YC24 華南永昌黃河世紀,2025/11,-,-,-,-,-,-,-,-
YC26 華南永昌中小型基,2025/11,-,-,-,-,-,-,-,-
YT14 元大寶來全球通訊,2025/11,-,-,-,-,-,-,-,-
YT15 元大平衡,2025/11,-,-,-,-,-,-,-,-
YT17 元大寶來雙盈基金,2025/11,-,-,-,-,-,-,-,-
YT18 元大寶來全球成長,2025/11,-,-,-,-,-,-,-,-
YT19 元大精華組合,2025/11,-,-,-,-,-,-,-,-
YT22 元大全球平衡,2025/11,-,-,-,-,-,-,-,-
YT25 元大寶來全球組合,2025/11,-,-,-,-,-,-,-,-
YT34 元大市場中立平衡,2025/11,-,-,-,-,-,-,-,-
YT35 元大組合交易平衡,2025/11,-,-,-,-,-,-,-,-
YT36 元大強勢配置平衡,2025/11,-,-,-,-,-,-,-,-
YT37 元大全球礦金,2025/11,-,-,-,-,-,-,-,-
YT39 元大全球新能源,2025/11,-,-,-,-,-,-,-,-
YT47 元大寶來台股指數,2025/11,-,-,-,-,-,-,-,-
YT48 元寶新興消費商機,2025/11,-,-,-,-,-,-,-,-
YT52 元大寶來矽谷基金,2025/11,-,-,-,-,-,-,-,-
YT55 元大寶來雙盈平衡,2025/11,-,-,-,-,-,-,-,-
YT62 元大寶來亞洲台資,2025/11,-,-,-,-,-,-,-,-
YT63 元寶環球關鍵資源,2025/11,-,-,-,-,-,-,-,-
YT65 元寶寶來基金 A類,2025/11,-,-,-,-,-,-,-,-
YT70 元寶新興亞洲龍頭,2025/11,-,-,-,-,-,-,-,-
Z9999A 全體基金(合計)  Z,2025/11,-,-,-,-,-,-,-,-
ZAIA 柏瑞投信,2025/11,-,-,-,-,-,-,-,-
ZAPA 宏利投信,2025/11,-,-,-,-,-,-,-,-
ZASA 兆豐國際,2025/11,-,-,-,-,-,-,-,-
ZBTA 合庫投信,2025/11,-,-,-,-,-,-,-,-
ZCAA 群益投信,2025/11,-,-,-,-,-,-,-,-
ZCFA 鋒裕匯理,2025/11,-,-,-,-,-,-,-,-
ZCHA 街口投信,2025/11,-,-,-,-,-,-,-,-
ZCIA 匯豐中華,2025/11,-,-,-,-,-,-,-,-
ZCPA 瀚亞投信,2025/11,-,-,-,-,-,-,-,-
ZCSA 景順投信,2025/11,-,-,-,-,-,-,-,-
ZCYA 國泰投信,2025/11,-,-,-,-,-,-,-,-
ZDDA 德盛安聯,2025/11,-,-,-,-,-,-,-,-
ZDFA 台中銀,2025/11,-,-,-,-,-,-,-,-
ZDSA 中信投信,2025/11,-,-,-,-,-,-,-,-
ZESA 施羅德投,2025/11,-,-,-,-,-,-,-,-
ZFDA 富達投信,2025/11,-,-,-,-,-,-,-,-
ZFEA 德銀遠東,2025/11,-,-,-,-,-,-,-,-
ZFHA 復華投信,2025/11,-,-,-,-,-,-,-,-
ZFPA 富邦投信,2025/11,-,-,-,-,-,-,-,-
ZFTA 富蘭華美,2025/11,-,-,-,-,-,-,-,-
ZGCA 永豐投信,2025/11,-,-,-,-,-,-,-,-
ZIBA 安本標準,2025/11,-,-,-,-,-,-,-,-
ZIIA 兆豐投信,2025/11,-,-,-,-,-,-,-,-
ZINZ 野村投信,2025/11,-,-,-,-,-,-,-,-
ZJFE 摩根投信,2025/11,-,-,-,-,-,-,-,-
ZJSA 日盛投信,2025/11,-,-,-,-,-,-,-,-
ZKGA 凱基投信,2025/11,-,-,-,-,-,-,-,-
ZKHA 荷銀投信,2025/11,-,-,-,-,-,-,-,-
ZKYA 寶來投信,2025/11,-,-,-,-,-,-,-,-
ZMLA 保德信,2025/11,-,-,-,-,-,-,-,-
ZNBA 路博邁投,2025/11,-,-,-,-,-,-,-,-
ZNCA 第一金投,2025/11,-,-,-,-,-,-,-,-
ZPAA 寶華成豐,2025/11,-,-,-,-,-,-,-,-
ZPSA 統一投信,2025/11,-,-,-,-,-,-,-,-
ZSHA 盛華投信,2025/11,-,-,-,-,-,-,-,-
ZSHZ 貝萊德,2025/11,-,-,-,-,-,-,-,-
ZSSA 新昕投信,2025/11,-,-,-,-,-,-,-,-
ZTCA 台灣工銀,2025/11,-,-,-,-,-,-,-,-
ZTIA 聯博投信,2025/11,-,-,-,-,-,-,-,-
ZTRA 安多利投,2025/11,-,-,-,-,-,-,-,-
ZTSA 新光投信,2025/11,-,-,-,-,-,-,-,-
ZTTA 台新投信,2025/11,-,-,-,-,-,-,-,-
ZUIA 聯邦投信,2025/11,-,-,-,-,-,-,-,-
ZUNA 瑞銀投信,2025/11,-,-,-,-,-,-,-,-
ZUOA 大華銀投,2025/11,-,-,-,-,-,-,-,-
ZYCA 華南永昌,2025/11,-,-,-,-,-,-,-,-
ZYTA 元大投信,2025/11,-,-,-,-,-,-,-,-
